vorlage_id,Datum,Kurztitel,Abstimmungsgrund,Politikbereich (1. Stufe),Politikbereich (2. Stufe),Politikbereich (3. Stufe),Federführendes Departement,Position Bundesrat,Position Parlament,Position Nationalrat,Position Ständerat
193,1960-05-29,Weiterführung befristeter Preiskontrollmassnahmen (1960-05-29),Obligatorisches Referendum,Wirtschaft,Wirtschaftspolitik,Preispolitik,"WBF (Wirtschaft, Bildung und Forschung)",N/A,Befürwortend,Befürwortend,Befürwortend
194,1960-12-04,Massnahmen für die Milchwirtschaft (1960-12-04),Fakultatives Referendum,Landwirtschaft,Tierische Produktion,Unbekannt,"WBF (Wirtschaft, Bildung und Forschung)",Befürwortend,Befürwortend,Befürwortend,Befürwortend
195,1961-03-05,Artikel betreffend Leitungsanlagen für Treibstoffe (1961-03-05),Obligatorisches Referendum,Energie,"Erdöl, Gas",Unbekannt,"UVEK (Umwelt, Verkehr, Energie und Kommunikation)",N/A,Befürwortend,Befürwortend,Befürwortend
196,1961-03-05,Treibstoffzoll zur Finanzierung der Nationalstrassen (1961-03-05),Fakultatives Referendum,Öffentliche Finanzen,Steuerwesen,Indirekte Steuern,EDI (Departement des Innern),Befürwortend,Befürwortend,Befürwortend,Befürwortend
197,1961-10-22,Volksinitiative zur Einführung der Gesetzesinitiative (1961-10-22),Volksinitiative,Staatsordnung,Volksrechte,Initiative,EJPD (Justiz und Polizei),Ablehnend,Ablehnend,Ablehnend,Ablehnend
198,1961-12-03,Uhrenstatut (1961-12-03),Fakultatives Referendum,Wirtschaft,Wirtschaftspolitik,Strukturpolitik,"WBF (Wirtschaft, Bildung und Forschung)",Befürwortend,Befürwortend,Befürwortend,Befürwortend
199,1962-04-01,Initiative «für ein Verbot der Atomwaffen» (1962-04-01),Volksinitiative,Sicherheitspolitik,Armee,Rüstung,EDA (auswärtige Angelegenheiten),Ablehnend,Ablehnend,Ablehnend,Ablehnend
200,1962-05-27,Natur- und Heimatschutz-Artikel (1962-05-27),Obligatorisches Referendum,Umwelt und Lebensraum,Umwelt,Natur- und Heimatschutz,EDI (Departement des Innern),N/A,Befürwortend,Befürwortend,Befürwortend
201,1962-05-27,Gesetz über die Taggelder des Nationalrates (1962-05-27),Fakultatives Referendum,Staatsordnung,Institutionen,Parlament,EFD (Finanzdepartement),Befürwortend,Befürwortend,Befürwortend,Befürwortend
202,1962-11-04,Festsetzung der Mitgliederzahl des Nationalrates (1962-11-04),Obligatorisches Referendum,Staatsordnung,Institutionen,Parlament,EJPD (Justiz und Polizei),N/A,Befürwortend,Befürwortend,Befürwortend
203,1963-05-26,Initiative für ein Referendum gegen Atomwaffen (1963-05-26),Volksinitiative,Sicherheitspolitik,Armee,Rüstung,EJPD (Justiz und Polizei),Ablehnend,Ablehnend,Ablehnend,Ablehnend
204,1963-12-08,Weiterführung der Finanzordnung  (1963-12-08),Obligatorisches Referendum,Öffentliche Finanzen,Finanzordnung,Unbekannt,EFD (Finanzdepartement),N/A,Befürwortend,Befürwortend,Befürwortend
205,1963-12-08,Artikel über Stipendien und Ausbildungsbeihilfen (1963-12-08),Obligatorisches Referendum,Bildung und Forschung,Hochschulen,Unbekannt,EDI (Departement des Innern),N/A,Befürwortend,Befürwortend,Befürwortend
206,1964-02-02,Erlass einer allgemeinen Steueramnestie (1964-02-02),Obligatorisches Referendum,Öffentliche Finanzen,Steuerwesen,Steuerpolitik,EFD (Finanzdepartement),N/A,Befürwortend,Befürwortend,Befürwortend
207,1964-05-24,Berufsbildungsgesetz (1964-05-24),Fakultatives Referendum,Bildung und Forschung,Berufsbildung,Unbekannt,"WBF (Wirtschaft, Bildung und Forschung)",Befürwortend,Befürwortend,Befürwortend,Befürwortend
208,1964-12-06,Weiterführung befristeter Preiskontrollmassnahmen (1964-12-06),Obligatorisches Referendum,Wirtschaft,Wirtschaftspolitik,Preispolitik,"WBF (Wirtschaft, Bildung und Forschung)",N/A,Befürwortend,Befürwortend,Befürwortend
209,1965-02-28,Bekämpfung der Teuerung durch Massnahmen im Kreditwesen (1965-02-28),Obligatorisches Referendum,Wirtschaft,Wirtschaftspolitik,Konjunkturpolitik,"WBF (Wirtschaft, Bildung und Forschung)",N/A,Befürwortend,Befürwortend,Befürwortend
210,1965-02-28,Bekämpfung der Teuerung durch Massnahmen in der Bauwirtschaft (1965-02-28),Obligatorisches Referendum,Wirtschaft,Wirtschaftspolitik,Konjunkturpolitik,"WBF (Wirtschaft, Bildung und Forschung)",N/A,Befürwortend,Befürwortend,Befürwortend
211,1965-05-16,Milchbeschluss (1965-05-16),Fakultatives Referendum,Landwirtschaft,Tierische Produktion,Unbekannt,"WBF (Wirtschaft, Bildung und Forschung)",Befürwortend,Befürwortend,Befürwortend,Befürwortend
212,1966-10-16,Auslandschweizer-Artikel (1966-10-16),Obligatorisches Referendum,Aussenpolitik,Auslandschweizer:innen,Unbekannt,EDA (auswärtige Angelegenheiten),N/A,Befürwortend,Befürwortend,Befürwortend
213,1966-10-16,Initiative «zur Bekämpfung des Alkoholismus» (1966-10-16),Volksinitiative,Sozialpolitik,Gesundheit,Suchtmittel,EFD (Finanzdepartement),Ablehnend,Ablehnend,Ablehnend,Ablehnend
214,1967-07-02,Initiative «gegen die Bodenspekulation» (1967-07-02),Volksinitiative,Umwelt und Lebensraum,Boden,Bodenrecht,EJPD (Justiz und Polizei),Ablehnend,Ablehnend,Ablehnend,Ablehnend
215,1968-02-18,Erlass einer allgemeinen Steueramnestie (1968-02-18),Obligatorisches Referendum,Öffentliche Finanzen,Steuerwesen,Steuerpolitik,EFD (Finanzdepartement),N/A,Befürwortend,Befürwortend,Befürwortend
216,1968-05-19,Gesetz über die Tabakbesteuerung (1968-05-19),Fakultatives Referendum,Öffentliche Finanzen,Steuerwesen,Indirekte Steuern,EFD (Finanzdepartement),Befürwortend,Befürwortend,Befürwortend,Befürwortend
217,1969-06-01,Gesetz über die Eidgenössischen Technischen Hochschulen (1969-06-01),Fakultatives Referendum,Bildung und Forschung,Hochschulen,Unbekannt,EDI (Departement des Innern),Befürwortend,Befürwortend,Befürwortend,Befürwortend
218,1969-09-14,Verfassungsrechtliche Ordnung des Bodenrechts (1969-09-14),Obligatorisches Referendum,Umwelt und Lebensraum,Boden,Bodenrecht,EJPD (Justiz und Polizei),N/A,Befürwortend,Befürwortend,Befürwortend
219,1970-02-01,Bundesbeschluss über die inländische Zuckerwirtschaft (1970-02-01),Fakultatives Referendum,Landwirtschaft,Pflanzliche Produktion,Unbekannt,"WBF (Wirtschaft, Bildung und Forschung)",Befürwortend,Befürwortend,Befürwortend,Befürwortend
220,1970-06-07,Initiative «Gegen die Überfremdung» (1970-06-07),Volksinitiative,Sozialpolitik,Soziale Gruppen,Ausländer:innen,EJPD (Justiz und Polizei),Ablehnend,Ablehnend,Ablehnend,Ablehnend
221,1970-09-27,Verfassungsartikel zur Förderung von Turnen und Sport (1970-09-27),Obligatorisches Referendum,Bildung und Forschung,Schulen,Unbekannt,"VBS (Verteidigung, Bevölkerungsschutz und Sport)",N/A,Befürwortend,Befürwortend,Befürwortend
222,1970-09-27,Initiative «Recht auf Wohnung und Ausbau des Familienschutzes» (1970-09-27),Volksinitiative,Umwelt und Lebensraum,Wohnen,Mietwesen,"WBF (Wirtschaft, Bildung und Forschung)",Ablehnend,Ablehnend,Ablehnend,Ablehnend
223,1970-11-15,Änderung der Finanzordnung (1970-11-15),Obligatorisches Referendum,Öffentliche Finanzen,Finanzordnung,Unbekannt,EFD (Finanzdepartement),N/A,Befürwortend,Befürwortend,Befürwortend
224,1971-02-07,Einführung des Frauenstimmrechts (1971-02-07),Obligatorisches Referendum,Staatsordnung,Volksrechte,Stimmrecht,EJPD (Justiz und Polizei),N/A,Befürwortend,Befürwortend,Befürwortend
225,1971-06-06,Umweltschutzartikel (1971-06-06),Obligatorisches Referendum,Umwelt und Lebensraum,Umwelt,Umweltpolitik,EDI (Departement des Innern),Befürwortend,Befürwortend,Befürwortend,Befürwortend
226,1971-06-06,Weiterführung der Finanzordnung (1971-06-06),Obligatorisches Referendum,Öffentliche Finanzen,Finanzordnung,Unbekannt,EFD (Finanzdepartement),N/A,Befürwortend,Befürwortend,Befürwortend
227,1972-03-05,Initiative «zur Förderung des Wohnungsbaues» (1972-03-05),Volksinitiative,Umwelt und Lebensraum,Wohnen,"Wohnungsbau, Wohneigentum","WBF (Wirtschaft, Bildung und Forschung)",Ablehnend,Ablehnend,Ablehnend,Ablehnend
227,1972-03-05,Gegenentwurf zur Wohnungsbau-Initiative (1972-03-05),Direkter Gegenentwurf,Umwelt und Lebensraum,Wohnen,"Wohnungsbau, Wohneigentum","WBF (Wirtschaft, Bildung und Forschung)",N/A,Befürwortend,Befürwortend,Befürwortend
228,1972-03-05,Verfassungsartikel über den Mieterschutz und die Allgemeinverbindlicherklärung von Mietverträgen (1972-03-05),Obligatorisches Referendum,Umwelt und Lebensraum,Wohnen,Mietwesen,"WBF (Wirtschaft, Bildung und Forschung)",N/A,Befürwortend,Befürwortend,Befürwortend
229,1972-06-04,Massnahmen zur Stabilisierung des Baumarktes (1972-06-04),Obligatorisches Referendum,Wirtschaft,Wirtschaftspolitik,Konjunkturpolitik,"WBF (Wirtschaft, Bildung und Forschung)",N/A,Befürwortend,Befürwortend,Befürwortend
230,1972-06-04,Bundesbeschluss über den Schutz der Währung (1972-06-04),Obligatorisches Referendum,Wirtschaft,Finanzwesen,Geld- und Währungspolitik,EFD (Finanzdepartement),N/A,Befürwortend,Befürwortend,Befürwortend
231,1972-09-24,Initiative für ein Waffenausfuhrverbot (1972-09-24),Volksinitiative,Sicherheitspolitik,Armee,Rüstung,"VBS (Verteidigung, Bevölkerungsschutz und Sport)",Ablehnend,Ablehnend,Ablehnend,Ablehnend
232,1972-12-03,Initiative zur Einführung einer Volkspension (1972-12-03),Volksinitiative,Sozialpolitik,Sozialversicherungen,Alters- und Hinterbliebenenversicherung,EDI (Departement des Innern),Ablehnend,Ablehnend,Ablehnend,Ablehnend
232,1972-12-03,Gegenentwurf zur Initiative zur Einführung einer Volkspension (1972-12-03),Direkter Gegenentwurf,Sozialpolitik,Sozialversicherungen,Alters- und Hinterbliebenenversicherung,EDI (Departement des Innern),N/A,Befürwortend,Befürwortend,Befürwortend
233,1972-12-03,Abkommen mit der EWG (1972-12-03),Obligatorisches Referendum,Aussenpolitik,Europapolitik,EU,"WBF (Wirtschaft, Bildung und Forschung)",N/A,Befürwortend,Befürwortend,Befürwortend
234,1973-03-04,Bildungsartikel (1973-03-04),Obligatorisches Referendum,Bildung und Forschung,Schulen,Unbekannt,EDI (Departement des Innern),N/A,Befürwortend,Befürwortend,Befürwortend
235,1973-03-04,Verfassungsartikel zur wissenschaftlichen Forschung (1973-03-04),Obligatorisches Referendum,Bildung und Forschung,Forschung,Unbekannt,EDI (Departement des Innern),N/A,Befürwortend,Befürwortend,Befürwortend
236,1973-05-20,Aufhebung des Jesuiten- und des Klosterartikels (1973-05-20),Obligatorisches Referendum,"Kultur, Religion, Medien","Religion, Kirchen",Unbekannt,EDI (Departement des Innern),N/A,Befürwortend,Befürwortend,Befürwortend
237,1973-12-02,Massnahmen zur Preisüberwachung (1973-12-02),Obligatorisches Referendum,Wirtschaft,Wirtschaftspolitik,Preispolitik,EFD (Finanzdepartement),N/A,Befürwortend,Befürwortend,Befürwortend
238,1973-12-02,Massnahmen auf dem Gebiet des Kreditwesens (1973-12-02),Obligatorisches Referendum,Wirtschaft,Wirtschaftspolitik,Konjunkturpolitik,EFD (Finanzdepartement),N/A,Befürwortend,Befürwortend,Befürwortend
239,1973-12-02,Massnahmen zur Stabilisierung des Baumarktes (1973-12-02),Obligatorisches Referendum,Wirtschaft,Wirtschaftspolitik,Konjunkturpolitik,EFD (Finanzdepartement),N/A,Befürwortend,Befürwortend,Befürwortend
240,1973-12-02,Einschränkung der steuerwirksamen Abschreibungen (1973-12-02),Obligatorisches Referendum,Öffentliche Finanzen,Steuerwesen,Steuerpolitik,EFD (Finanzdepartement),N/A,Befürwortend,Befürwortend,Befürwortend
241,1973-12-02,Tierschutzartikel  (1973-12-02),Obligatorisches Referendum,Umwelt und Lebensraum,Umwelt,Tierschutz,"WBF (Wirtschaft, Bildung und Forschung)",Befürwortend,Befürwortend,Befürwortend,Befürwortend
242,1974-10-20,Initiative «Gegen die Überfremdung» (1974-10-20),Volksinitiative,Sozialpolitik,Soziale Gruppen,Ausländer:innen,EJPD (Justiz und Polizei),Ablehnend,Ablehnend,Ablehnend,Ablehnend
243,1974-12-08,Verbesserung des Bundeshaushalts (1974-12-08),Obligatorisches Referendum,Öffentliche Finanzen,Steuerwesen,Steuerpolitik,EFD (Finanzdepartement),N/A,Befürwortend,Befürwortend,Befürwortend
244,1974-12-08,Erschwerung von Ausgabenbeschlüssen (1974-12-08),Obligatorisches Referendum,Öffentliche Finanzen,Öffentliche Ausgaben,Unbekannt,EFD (Finanzdepartement),N/A,Befürwortend,Befürwortend,Befürwortend
245,1974-12-08,Initiative «für eine soziale Krankenversicherung» (1974-12-08),Volksinitiative,Sozialpolitik,Sozialversicherungen,Kranken- und Unfallversicherung,EDI (Departement des Innern),Ablehnend,Ablehnend,Ablehnend,Ablehnend
245,1974-12-08,Bundesbeschluss über die soziale Krankenversicherung (Gegenentwurf) (1974-12-08),Direkter Gegenentwurf,Sozialpolitik,Sozialversicherungen,Kranken- und Unfallversicherung,EDI (Departement des Innern),N/A,Befürwortend,Befürwortend,Befürwortend
246,1975-03-02,Konjunkturartikel (1975-03-02),Obligatorisches Referendum,Wirtschaft,Wirtschaftspolitik,Konjunkturpolitik,"WBF (Wirtschaft, Bildung und Forschung)",Befürwortend,Befürwortend,Befürwortend,Befürwortend
247,1975-06-08,Bundesbeschluss über den Schutz der Währung (1975-06-08),Obligatorisches Referendum,Wirtschaft,Finanzwesen,Geld- und Währungspolitik,EFD (Finanzdepartement),N/A,Befürwortend,Befürwortend,Befürwortend
248,1975-06-08,Bundesbeschluss über die Finanzierung der Nationalstrassen (1975-06-08),Fakultatives Referendum,Öffentliche Finanzen,Spar- und Sanierungsmassnahmen,Unbekannt,EFD (Finanzdepartement),Befürwortend,Befürwortend,Befürwortend,Befürwortend
249,1975-06-08,Änderung des Generalzolltarifs (1975-06-08),Fakultatives Referendum,Öffentliche Finanzen,Spar- und Sanierungsmassnahmen,Unbekannt,EFD (Finanzdepartement),Befürwortend,Befürwortend,Befürwortend,Befürwortend
250,1975-06-08,Bundesbeschluss zur Erhöhung der Steuereinnahmen (1975-06-08),Obligatorisches Referendum,Öffentliche Finanzen,Spar- und Sanierungsmassnahmen,Unbekannt,EFD (Finanzdepartement),N/A,Befürwortend,Befürwortend,Befürwortend
251,1975-06-08,Erschwerung von Ausgabenbeschlüssen (1975-06-08),Obligatorisches Referendum,Öffentliche Finanzen,Öffentliche Ausgaben,Unbekannt,EFD (Finanzdepartement),N/A,Befürwortend,Befürwortend,Befürwortend
252,1975-12-07,Reform der Niederlassungsfreiheit und Unterstützungsregelung (1975-12-07),Obligatorisches Referendum,Staatsordnung,Rechtsordnung,Grundrechte,EJPD (Justiz und Polizei),N/A,Befürwortend,Befürwortend,Befürwortend
253,1975-12-07,Verfassungsbestimmungen zur Wasserwirtschaft (1975-12-07),Obligatorisches Referendum,Umwelt und Lebensraum,Umwelt,Gewässerschutz,"UVEK (Umwelt, Verkehr, Energie und Kommunikation)",Befürwortend,Befürwortend,Befürwortend,Befürwortend
254,1975-12-07,Gesetz über die Ein- und Ausfuhr von Landwirtschaftserzeugnissen (1975-12-07),Fakultatives Referendum,Aussenpolitik,Aussenwirtschaftspolitik,Zollwesen,"WBF (Wirtschaft, Bildung und Forschung)",Befürwortend,Befürwortend,Befürwortend,Befürwortend
255,1976-03-21,Initiative «für die Mitbestimmung der Arbeitnehmer» (1976-03-21),Volksinitiative,Wirtschaft,Arbeit und Beschäftigung,Sozialpartnerschaft,"WBF (Wirtschaft, Bildung und Forschung)",Ablehnend,Ablehnend,Ablehnend,Ablehnend
255,1976-03-21,Gegenentwurf zur Mitbestimmungsinitiative (1976-03-21),Direkter Gegenentwurf,Wirtschaft,Arbeit und Beschäftigung,Sozialpartnerschaft,"WBF (Wirtschaft, Bildung und Forschung)",N/A,Befürwortend,Befürwortend,Befürwortend
256,1976-03-21,Initiative «für eine Reform des Steuerwesens» (1976-03-21),Volksinitiative,Öffentliche Finanzen,Steuerwesen,Steuerpolitik,EFD (Finanzdepartement),Ablehnend,Ablehnend,Ablehnend,Ablehnend
257,1976-06-13,Raumplanungsgesetz (1976-06-13),Fakultatives Referendum,Umwelt und Lebensraum,Boden,Raumplanung,"WBF (Wirtschaft, Bildung und Forschung)",Befürwortend,Befürwortend,Befürwortend,Befürwortend
258,1976-06-13,Darlehen an die Internationale Entwicklungsorganisation (1976-06-13),Fakultatives Referendum,Aussenpolitik,Entwicklungszusammenarbeit,Unbekannt,EDA (auswärtige Angelegenheiten),Befürwortend,Befürwortend,Befürwortend,Befürwortend
259,1976-06-13,Neukonzeption der Arbeitslosenversicherung (1976-06-13),Obligatorisches Referendum,Sozialpolitik,Sozialversicherungen,Arbeitslosenversicherung,"WBF (Wirtschaft, Bildung und Forschung)",N/A,Befürwortend,Befürwortend,Befürwortend
260,1976-09-26,Radio- und Fernsehartikel (1976-09-26),Obligatorisches Referendum,"Kultur, Religion, Medien",Medien und Kommunikation,"Radio, Fernsehen, Elektronische Medien","UVEK (Umwelt, Verkehr, Energie und Kommunikation)",N/A,Befürwortend,Befürwortend,Befürwortend
261,1976-09-26,Initiative für eine Haftpflichtversicherung für Motorfahrzeuge und Fahrräder (1976-09-26),Volksinitiative,Verkehr und Infrastruktur,Strassenverkehr,Unbekannt,EJPD (Justiz und Polizei),Ablehnend,Ablehnend,Ablehnend,Ablehnend
262,1976-12-05,Bundesbeschluss über die Geld- und Kreditpolitik (1976-12-05),Obligatorisches Referendum,Wirtschaft,Finanzwesen,Geld- und Währungspolitik,EFD (Finanzdepartement),N/A,Befürwortend,Befürwortend,Befürwortend
263,1976-12-05,Bundesbeschluss über die Preisüberwachung (1976-12-05),Obligatorisches Referendum,Wirtschaft,Wirtschaftspolitik,Preispolitik,"WBF (Wirtschaft, Bildung und Forschung)",N/A,Befürwortend,Befürwortend,Befürwortend
264,1976-12-05,Initiative «für die Einführung der 40-Stunden-Woche» (1976-12-05),Volksinitiative,Wirtschaft,Arbeit und Beschäftigung,Arbeitszeit,"WBF (Wirtschaft, Bildung und Forschung)",Ablehnend,Ablehnend,Ablehnend,Ablehnend
265,1977-03-13,Vierte «Überfremdungsinitiative» (1977-03-13),Volksinitiative,Sozialpolitik,Soziale Gruppen,Ausländer:innen,EJPD (Justiz und Polizei),Ablehnend,Ablehnend,Ablehnend,Ablehnend
266,1977-03-13,Initiative «für eine Beschränkung der Einbürgerungen» (1977-03-13),Volksinitiative,Sozialpolitik,Soziale Gruppen,Ausländer:innen,EJPD (Justiz und Polizei),Ablehnend,Ablehnend,Ablehnend,Ablehnend
267,1977-03-13,Initiative zur Neuordnung des Staatsvertragsreferendums (1977-03-13),Volksinitiative,Staatsordnung,Volksrechte,Referendum,EJPD (Justiz und Polizei),Ablehnend,Ablehnend,Ablehnend,Ablehnend
267,1977-03-13,Neuordnung des Staatsvertragsreferendums (Gegenentwurf) (1977-03-13),Direkter Gegenentwurf,Staatsordnung,Volksrechte,Referendum,EJPD (Justiz und Polizei),N/A,Befürwortend,Befürwortend,Befürwortend
268,1977-06-12,Neuordnung der Umsatzsteuer und der direkten Bundessteuer (1977-06-12),Obligatorisches Referendum,Öffentliche Finanzen,Steuerwesen,Steuersystem,EFD (Finanzdepartement),N/A,Befürwortend,Befürwortend,Befürwortend
269,1977-06-12,Bundesbeschluss über die Steuerharmonisierung (1977-06-12),Obligatorisches Referendum,Öffentliche Finanzen,Steuerwesen,Steuersystem,EFD (Finanzdepartement),N/A,Befürwortend,Befürwortend,Befürwortend
270,1977-09-25,Mieterschutzinitiative (1977-09-25),Volksinitiative,Umwelt und Lebensraum,Wohnen,Mietwesen,"WBF (Wirtschaft, Bildung und Forschung)",Ablehnend,Ablehnend,Ablehnend,Ablehnend
270,1977-09-25,Gegenentwurf zur Mieterschutzinitiative (1977-09-25),Direkter Gegenentwurf,Umwelt und Lebensraum,Wohnen,Mietwesen,"WBF (Wirtschaft, Bildung und Forschung)",N/A,Befürwortend,Befürwortend,Befürwortend
271,1977-09-25,Initiative «gegen die Luftverschmutzung durch Motorfahrzeuge» (1977-09-25),Volksinitiative,Umwelt und Lebensraum,Umwelt,Luftreinhaltung,EJPD (Justiz und Polizei),Ablehnend,Ablehnend,Ablehnend,Ablehnend
272,1977-09-25,Erhöhung der Unterschriftenzahl für das Referendum (1977-09-25),Obligatorisches Referendum,Staatsordnung,Volksrechte,Referendum,EJPD (Justiz und Polizei),Befürwortend,Befürwortend,Befürwortend,Befürwortend
273,1977-09-25,Erhöhung der Unterschriftenzahl für die Verfassungsinitiative (1977-09-25),Obligatorisches Referendum,Staatsordnung,Volksrechte,Initiative,EJPD (Justiz und Polizei),Befürwortend,Befürwortend,Befürwortend,Befürwortend
274,1977-09-25,Initiative «für die Fristenlösung» (1977-09-25),Volksinitiative,Sozialpolitik,Soziale Gruppen,Stellung der Frau,EJPD (Justiz und Polizei),Ablehnend,Keine,Keine,Keine
275,1977-12-04,«Reichtumssteuer-Initiative» (1977-12-04),Volksinitiative,Öffentliche Finanzen,Steuerwesen,Direkte Steuern,EFD (Finanzdepartement),Ablehnend,Ablehnend,Ablehnend,Ablehnend
276,1977-12-04,Bundesgesetz über die politischen Rechte (1977-12-04),Fakultatives Referendum,Staatsordnung,Volksrechte,Initiative,BK (Bundeskanzlei),Befürwortend,Befürwortend,Befürwortend,Befürwortend
277,1977-12-04,Einführung eines zivilen Ersatzdienstes (1977-12-04),Obligatorisches Referendum,Sicherheitspolitik,Armee,"Dienstverweigerung, Zivildienst","VBS (Verteidigung, Bevölkerungsschutz und Sport)",Befürwortend,Befürwortend,Befürwortend,Befürwortend
278,1977-12-04,Massnahmen zum Ausgleich des Bundeshaushaltes (1977-12-04),Fakultatives Referendum,Öffentliche Finanzen,Spar- und Sanierungsmassnahmen,Unbekannt,EFD (Finanzdepartement),Befürwortend,Befürwortend,Befürwortend,Befürwortend
279,1978-02-26,Initiative für mehr Mitbestimmung im Nationalstrassenbau (1978-02-26),Volksinitiative,Verkehr und Infrastruktur,Strassenverkehr,Strassenbau,EDI (Departement des Innern),Ablehnend,Ablehnend,Ablehnend,Ablehnend
280,1978-02-26,9. AHV-Revision (1978-02-26),Fakultatives Referendum,Sozialpolitik,Sozialversicherungen,Alters- und Hinterbliebenenversicherung,EDI (Departement des Innern),Befürwortend,Befürwortend,Befürwortend,Befürwortend
281,1978-02-26,Initiative zur Herabsetzung des AHV-Alters (1978-02-26),Volksinitiative,Sozialpolitik,Sozialversicherungen,Alters- und Hinterbliebenenversicherung,EDI (Departement des Innern),Ablehnend,Ablehnend,Ablehnend,Ablehnend
282,1978-02-26,Konjunkturartikel (1978-02-26),Obligatorisches Referendum,Wirtschaft,Wirtschaftspolitik,Konjunkturpolitik,"WBF (Wirtschaft, Bildung und Forschung)",Befürwortend,Befürwortend,Befürwortend,Befürwortend
283,1978-05-28,Zeitgesetz (Sommerzeit) (1978-05-28),Fakultatives Referendum,Verkehr und Infrastruktur,Unbekannt,Unbekannt,EFD (Finanzdepartement),Befürwortend,Befürwortend,Befürwortend,Befürwortend
284,1978-05-28,Zolltarifgesetz (Brotpreis) (1978-05-28),Fakultatives Referendum,Landwirtschaft,Pflanzliche Produktion,Unbekannt,EFD (Finanzdepartement),Befürwortend,Befürwortend,Befürwortend,Befürwortend
285,1978-05-28,Gesetz über den Schwangerschaftsabbruch (1978-05-28),Fakultatives Referendum,Sozialpolitik,Soziale Gruppen,Stellung der Frau,EJPD (Justiz und Polizei),Befürwortend,Befürwortend,Befürwortend,Befürwortend
286,1978-05-28,Gesetz über die Hochschulförderung (1978-05-28),Fakultatives Referendum,Bildung und Forschung,Hochschulen,Unbekannt,EDI (Departement des Innern),Befürwortend,Befürwortend,Befürwortend,Befürwortend
287,1978-05-28,Initiative für 12 autofreie Sonntage pro Jahr (1978-05-28),Volksinitiative,Verkehr und Infrastruktur,Strassenverkehr,Unbekannt,EJPD (Justiz und Polizei),Ablehnend,Ablehnend,Ablehnend,Ablehnend
288,1978-09-24,Bundesbeschluss über die Gründung des Kantons Jura (1978-09-24),Obligatorisches Referendum,Staatsordnung,Föderalismus,Territorialfragen,EJPD (Justiz und Polizei),Befürwortend,Befürwortend,Befürwortend,Befürwortend
289,1978-12-03,Milchwirtschaftsbeschluss (1978-12-03),Fakultatives Referendum,Landwirtschaft,Tierische Produktion,Unbekannt,"WBF (Wirtschaft, Bildung und Forschung)",Befürwortend,Befürwortend,Befürwortend,Befürwortend
290,1978-12-03,Tierschutzgesetz  (1978-12-03),Fakultatives Referendum,Landwirtschaft,Tierische Produktion,Unbekannt,"WBF (Wirtschaft, Bildung und Forschung)",Befürwortend,Befürwortend,Befürwortend,Befürwortend
291,1978-12-03,Sicherheitspolizeigesetz (1978-12-03),Fakultatives Referendum,Sicherheitspolitik,Öffentliche Sicherheit,Staatsschutz,EJPD (Justiz und Polizei),Befürwortend,Befürwortend,Befürwortend,Befürwortend
292,1978-12-03,Berufsbildungsgesetz (1978-12-03),Fakultatives Referendum,Bildung und Forschung,Berufsbildung,Unbekannt,"WBF (Wirtschaft, Bildung und Forschung)",Befürwortend,Befürwortend,Befürwortend,Befürwortend
293,1979-02-18,Stimm- und Wahlrecht für 18-Jährige (1979-02-18),Obligatorisches Referendum,Staatsordnung,Volksrechte,Stimmrecht,,Keine,Befürwortend,Befürwortend,Befürwortend
294,1979-02-18,Bundesbeschluss über die Fuss- und Wanderwege (1979-02-18),Direkter Gegenentwurf,Verkehr und Infrastruktur,Unbekannt,Unbekannt,EDI (Departement des Innern),Befürwortend,Befürwortend,Befürwortend,Befürwortend
295,1979-02-18,Initiative «gegen Suchtmittelreklame» (1979-02-18),Volksinitiative,Sozialpolitik,Gesundheit,Suchtmittel,EDI (Departement des Innern),Ablehnend,Ablehnend,Ablehnend,Ablehnend
296,1979-02-18,Atominitiative (1979-02-18),Volksinitiative,Energie,Kernenergie,Unbekannt,"UVEK (Umwelt, Verkehr, Energie und Kommunikation)",Ablehnend,Ablehnend,Ablehnend,Ablehnend
297,1979-05-20,Neuordnung der Umsatzsteuer und der direkten Bundessteuer (1979-05-20),Obligatorisches Referendum,Öffentliche Finanzen,Finanzordnung,Unbekannt,EFD (Finanzdepartement),Befürwortend,Befürwortend,Befürwortend,Befürwortend
298,1979-05-20,Atomgesetz (1979-05-20),Fakultatives Referendum,Energie,Kernenergie,Unbekannt,"UVEK (Umwelt, Verkehr, Energie und Kommunikation)",Befürwortend,Befürwortend,Befürwortend,Befürwortend
299,1980-03-02,Initiative zur «vollständigen Trennung von Kirche und Staat» (1980-03-02),Volksinitiative,"Kultur, Religion, Medien","Religion, Kirchen",Unbekannt,EJPD (Justiz und Polizei),Ablehnend,Ablehnend,Ablehnend,Ablehnend
300,1980-03-02,Neuordnung der Landesversorgung (1980-03-02),Obligatorisches Referendum,Sicherheitspolitik,Landesversorgung,Unbekannt,"WBF (Wirtschaft, Bildung und Forschung)",Befürwortend,Befürwortend,Befürwortend,Befürwortend
301,1980-11-30,Gurten- und Schutzhelmobligatorium (1980-11-30),Fakultatives Referendum,Verkehr und Infrastruktur,Strassenverkehr,Unbekannt,EJPD (Justiz und Polizei),Befürwortend,Befürwortend,Befürwortend,Befürwortend
302,1980-11-30,Aufhebung des Kantonsanteils an den Stempelabgaben (1980-11-30),Obligatorisches Referendum,Öffentliche Finanzen,Spar- und Sanierungsmassnahmen,Unbekannt,EFD (Finanzdepartement),Befürwortend,Befürwortend,Befürwortend,Befürwortend
303,1980-11-30,Abbau des Kantonsanteils an den Alkoholeinnahmen  (1980-11-30),Obligatorisches Referendum,Öffentliche Finanzen,Spar- und Sanierungsmassnahmen,Unbekannt,EFD (Finanzdepartement),Befürwortend,Befürwortend,Befürwortend,Befürwortend
304,1980-11-30,Revision der Brotgetreideordnung (1980-11-30),Obligatorisches Referendum,Öffentliche Finanzen,Spar- und Sanierungsmassnahmen,Unbekannt,EFD (Finanzdepartement),Befürwortend,Befürwortend,Befürwortend,Befürwortend
305,1981-04-05,Initiative «für eine neue Ausländerpolitik» (1981-04-05),Volksinitiative,Sozialpolitik,Soziale Gruppen,Ausländer:innen,EJPD (Justiz und Polizei),Ablehnend,Ablehnend,Ablehnend,Ablehnend
306,1981-06-14,Artikel zur Gleichstellung von Mann und Frau (1981-06-14),Direkter Gegenentwurf,Sozialpolitik,Soziale Gruppen,Stellung der Frau,EJPD (Justiz und Polizei),Befürwortend,Befürwortend,Befürwortend,Befürwortend
307,1981-06-14,Konsumentenschutz-Artikel (1981-06-14),Direkter Gegenentwurf,Wirtschaft,Wirtschaftspolitik,Konsumentenschutz,"WBF (Wirtschaft, Bildung und Forschung)",Befürwortend,Befürwortend,Befürwortend,Befürwortend
308,1981-11-29,Weiterführung der Finanzordnung (1981-11-29),Obligatorisches Referendum,Öffentliche Finanzen,Finanzordnung,Unbekannt,EFD (Finanzdepartement),Befürwortend,Befürwortend,Befürwortend,Befürwortend
309,1982-06-06,Revision des Strafgesetzes (Gewaltverbrechen) (1982-06-06),Fakultatives Referendum,Staatsordnung,Rechtsordnung,Strafrecht,EJPD (Justiz und Polizei),Befürwortend,Befürwortend,Befürwortend,Befürwortend
310,1982-06-06,Ausländergesetz (1982-06-06),Fakultatives Referendum,Sozialpolitik,Soziale Gruppen,Ausländer:innen,EJPD (Justiz und Polizei),Befürwortend,Befürwortend,Befürwortend,Befürwortend
311,1982-11-28,Preisüberwachungs-Initiative (1982-11-28),Volksinitiative,Wirtschaft,Wirtschaftspolitik,Preispolitik,"WBF (Wirtschaft, Bildung und Forschung)",Ablehnend,Ablehnend,Ablehnend,Ablehnend
311,1982-11-28,Gegenentwurf zur Preisüberwachungs-Initiative (1982-11-28),Direkter Gegenentwurf,Wirtschaft,Wirtschaftspolitik,Preispolitik,"WBF (Wirtschaft, Bildung und Forschung)",Befürwortend,Befürwortend,Befürwortend,Befürwortend
312,1983-02-27,Neuregelung der Treibstoffzölle (1983-02-27),Obligatorisches Referendum,Verkehr und Infrastruktur,Strassenverkehr,Strassenbau,EFD (Finanzdepartement),Befürwortend,Befürwortend,Befürwortend,Befürwortend
313,1983-02-27,Energieartikel (1983-02-27),Obligatorisches Referendum,Energie,Energiepolitik,Unbekannt,"UVEK (Umwelt, Verkehr, Energie und Kommunikation)",Befürwortend,Befürwortend,Befürwortend,Befürwortend
314,1983-12-04,Reform der Bürgerrechtsregelung in der Bundesverfassung (1983-12-04),Obligatorisches Referendum,Staatsordnung,Rechtsordnung,Bürgerrecht,EJPD (Justiz und Polizei),Befürwortend,Befürwortend,Befürwortend,Befürwortend
315,1983-12-04,Bundesbeschluss über die Erleichterung gewisser Einbürgerungen (1983-12-04),Obligatorisches Referendum,Staatsordnung,Rechtsordnung,Bürgerrecht,EJPD (Justiz und Polizei),Befürwortend,Befürwortend,Befürwortend,Befürwortend
316,1984-02-26,Einführung einer Schwerverkehrsabgabe (1984-02-26),Obligatorisches Referendum,Verkehr und Infrastruktur,Strassenverkehr,Schwerverkehr,"UVEK (Umwelt, Verkehr, Energie und Kommunikation)",Befürwortend,Befürwortend,Befürwortend,Befürwortend
317,1984-02-26,Einführung der Autobahnvignette (1984-02-26),Obligatorisches Referendum,Verkehr und Infrastruktur,Strassenverkehr,Unbekannt,"UVEK (Umwelt, Verkehr, Energie und Kommunikation)",Befürwortend,Befürwortend,Befürwortend,Befürwortend
318,1984-02-26,Zivildienst-Initiative (1984-02-26),Volksinitiative,Sicherheitspolitik,Armee,"Dienstverweigerung, Zivildienst","VBS (Verteidigung, Bevölkerungsschutz und Sport)",Ablehnend,Ablehnend,Ablehnend,Ablehnend
319,1984-05-20,Initiative «gegen den Missbrauch des Bankgeheimnisses und der Bankenmacht» (1984-05-20),Volksinitiative,Wirtschaft,Finanzwesen,"Banken, Börsen, Versicherungen",EFD (Finanzdepartement),Ablehnend,Ablehnend,Ablehnend,Ablehnend
320,1984-05-20,Initiative «Gegen den Ausverkauf der Heimat» (1984-05-20),Volksinitiative,Umwelt und Lebensraum,Boden,Bodenrecht,EJPD (Justiz und Polizei),Ablehnend,Ablehnend,Ablehnend,Ablehnend
321,1984-09-23,Initiative «für eine Zukunft ohne weitere Atomkraftwerke» (1984-09-23),Volksinitiative,Energie,Kernenergie,Unbekannt,"UVEK (Umwelt, Verkehr, Energie und Kommunikation)",Ablehnend,Ablehnend,Ablehnend,Ablehnend
322,1984-09-23,Initiative «für eine umweltgerechte Energieversorgung» (1984-09-23),Volksinitiative,Energie,Energiepolitik,Unbekannt,"UVEK (Umwelt, Verkehr, Energie und Kommunikation)",Ablehnend,Ablehnend,Ablehnend,Ablehnend
323,1984-12-02,Initiative «für einen wirksamen Schutz der Mutterschaft» (1984-12-02),Volksinitiative,Sozialpolitik,Sozialversicherungen,Mutterschaftsversicherung,EDI (Departement des Innern),Ablehnend,Ablehnend,Ablehnend,Ablehnend
324,1984-12-02,Radio- und Fernsehartikel (1984-12-02),Obligatorisches Referendum,"Kultur, Religion, Medien",Medien und Kommunikation,"Radio, Fernsehen, Elektronische Medien","UVEK (Umwelt, Verkehr, Energie und Kommunikation)",Befürwortend,Befürwortend,Befürwortend,Befürwortend
325,1984-12-02,Bundesbeschluss über die Entschädigung der Opfer von Gewaltverbrechen (1984-12-02),Direkter Gegenentwurf,Sozialpolitik,Sozialversicherungen,Fürsorge,EJPD (Justiz und Polizei),Befürwortend,Befürwortend,Befürwortend,Befürwortend
326,1985-03-10,Aufhebung der Bundesbeiträge für den Primarschulunterricht (1985-03-10),Obligatorisches Referendum,Bildung und Forschung,Schulen,Unbekannt,EJPD (Justiz und Polizei),Befürwortend,Befürwortend,Befürwortend,Befürwortend
327,1985-03-10,Aufhebung der Beitragspflicht des Bundes im Gesundheitswesen (1985-03-10),Obligatorisches Referendum,Sozialpolitik,Gesundheit,Gesundheitspolitik,EJPD (Justiz und Polizei),Befürwortend,Befürwortend,Befürwortend,Befürwortend
328,1985-03-10,Bundesbeschluss über die Ausbildungsbeiträge (1985-03-10),Obligatorisches Referendum,Bildung und Forschung,Hochschulen,Unbekannt,EJPD (Justiz und Polizei),Befürwortend,Befürwortend,Befürwortend,Befürwortend
329,1985-03-10,Ferien-Initiative (1985-03-10),Volksinitiative,Wirtschaft,Arbeit und Beschäftigung,Arbeitszeit,EJPD (Justiz und Polizei),Ablehnend,Ablehnend,Ablehnend,Ablehnend
330,1985-06-09,Initiative «Recht auf Leben» (1985-06-09),Volksinitiative,Staatsordnung,Rechtsordnung,Grundrechte,EJPD (Justiz und Polizei),Ablehnend,Ablehnend,Ablehnend,Ablehnend
331,1985-06-09,Aufhebung des Kantonsanteils an den Stempelabgaben (1985-06-09),Obligatorisches Referendum,Öffentliche Finanzen,Spar- und Sanierungsmassnahmen,Unbekannt,EFD (Finanzdepartement),Befürwortend,Befürwortend,Befürwortend,Befürwortend
332,1985-06-09,Neuverteilung der Erträge aus der Alkoholabgabe (1985-06-09),Obligatorisches Referendum,Öffentliche Finanzen,Spar- und Sanierungsmassnahmen,Unbekannt,EFD (Finanzdepartement),Befürwortend,Befürwortend,Befürwortend,Befürwortend
333,1985-06-09,Aufhebung der Unterstützung für die Selbstversorgung mit Brotgetreide (1985-06-09),Obligatorisches Referendum,Landwirtschaft,Pflanzliche Produktion,Unbekannt,EFD (Finanzdepartement),Befürwortend,Befürwortend,Befürwortend,Befürwortend
334,1985-09-22,Bundesbeschluss zur Koordination des Schuljahresbeginns (1985-09-22),Direkter Gegenentwurf,Bildung und Forschung,Schulen,Unbekannt,EDI (Departement des Innern),Befürwortend,Befürwortend,Befürwortend,Befürwortend
335,1985-09-22,Bundesbeschluss über die Innovationsrisikogarantie (1985-09-22),Fakultatives Referendum,Wirtschaft,Wirtschaftspolitik,Wettbewerbspolitik,"WBF (Wirtschaft, Bildung und Forschung)",Befürwortend,Befürwortend,Befürwortend,Befürwortend
336,1985-09-22,Neues Ehe- und Erbrecht (1985-09-22),Fakultatives Referendum,Staatsordnung,Rechtsordnung,Privatrecht,EJPD (Justiz und Polizei),Befürwortend,Befürwortend,Befürwortend,Befürwortend
337,1985-12-01,Initiative «für die Abschaffung der Vivisektion» (1985-12-01),Volksinitiative,Bildung und Forschung,Forschung,Tierversuche,"WBF (Wirtschaft, Bildung und Forschung)",Ablehnend,Ablehnend,Ablehnend,Ablehnend
338,1986-03-16,UNO-Beitritt (1986-03-16),Obligatorisches Referendum,Aussenpolitik,Internationale Organisationen,UNO,EDA (auswärtige Angelegenheiten),Befürwortend,Befürwortend,Befürwortend,Befürwortend
339,1986-09-28,Kulturinitiative (1986-09-28),Volksinitiative,"Kultur, Religion, Medien",Kulturpolitik,Unbekannt,EDI (Departement des Innern),Ablehnend,Ablehnend,Ablehnend,Ablehnend
339,1986-09-28,Gegenentwurf zur Kulturinitiative (1986-09-28),Direkter Gegenentwurf,"Kultur, Religion, Medien",Kulturpolitik,Unbekannt,EDI (Departement des Innern),Befürwortend,Befürwortend,Befürwortend,Befürwortend
340,1986-09-28,Initiative zur Berufsbildung und Umschulung (1986-09-28),Volksinitiative,Bildung und Forschung,Berufsbildung,Unbekannt,"WBF (Wirtschaft, Bildung und Forschung)",Ablehnend,Ablehnend,Ablehnend,Ablehnend
341,1986-09-28,Bundesbeschluss über die Zuckerwirtschaft (1986-09-28),Fakultatives Referendum,Landwirtschaft,Pflanzliche Produktion,Unbekannt,"WBF (Wirtschaft, Bildung und Forschung)",Befürwortend,Befürwortend,Befürwortend,Befürwortend
342,1986-12-07,Bundesbeschluss zum Mieterschutz (1986-12-07),Direkter Gegenentwurf,Umwelt und Lebensraum,Wohnen,Mietwesen,EJPD (Justiz und Polizei),Befürwortend,Befürwortend,Befürwortend,Befürwortend
343,1986-12-07,Initiative für eine Schwerverkehrsabgabe (1986-12-07),Volksinitiative,Verkehr und Infrastruktur,Strassenverkehr,Schwerverkehr,"UVEK (Umwelt, Verkehr, Energie und Kommunikation)",Ablehnend,Ablehnend,Ablehnend,Ablehnend
344,1987-04-05,Asylgesetz (1987-04-05),Fakultatives Referendum,Sozialpolitik,Soziale Gruppen,Flüchtlinge,EJPD (Justiz und Polizei),Befürwortend,Befürwortend,Befürwortend,Befürwortend
345,1987-04-05,Ausländergesetz (1987-04-05),Fakultatives Referendum,Sozialpolitik,Soziale Gruppen,Ausländer:innen,EJPD (Justiz und Polizei),Befürwortend,Befürwortend,Befürwortend,Befürwortend
346,1987-04-05,Initiative für die Einführung eines Rüstungsreferendums (1987-04-05),Volksinitiative,Sicherheitspolitik,Armee,Rüstung,"VBS (Verteidigung, Bevölkerungsschutz und Sport)",Ablehnend,Ablehnend,Ablehnend,Ablehnend
347,1987-04-05,Abstimmungsverfahren bei Volksinitiativen mit Gegenentwurf (1987-04-05),Obligatorisches Referendum,Staatsordnung,Volksrechte,Initiative,BK (Bundeskanzlei),Befürwortend,Befürwortend,Befürwortend,Befürwortend
348,1987-12-06,Bahn 2000 (1987-12-06),Fakultatives Referendum,Verkehr und Infrastruktur,Schienenverkehr,Personenverkehr,"UVEK (Umwelt, Verkehr, Energie und Kommunikation)",Befürwortend,Befürwortend,Befürwortend,Befürwortend
349,1987-12-06,Krankenversicherungsgesetz (1987-12-06),Fakultatives Referendum,Sozialpolitik,Sozialversicherungen,Kranken- und Unfallversicherung,EDI (Departement des Innern),Befürwortend,Befürwortend,Befürwortend,Befürwortend
350,1987-12-06,Initiative «zum Schutz der Moore - Rothenthurm-Initiative» (1987-12-06),Volksinitiative,Sicherheitspolitik,Armee,Militäranlagen,EDI (Departement des Innern),Ablehnend,Ablehnend,Ablehnend,Ablehnend
351,1988-06-12,Verfassungsgrundlagen für eine koordinierte Verkehrspolitik (1988-06-12),Obligatorisches Referendum,Verkehr und Infrastruktur,Verkehrspolitik,Unbekannt,"UVEK (Umwelt, Verkehr, Energie und Kommunikation)",Befürwortend,Befürwortend,Befürwortend,Befürwortend
352,1988-06-12,Initiative zur Herabsetzung des AHV-Rentenalters (1988-06-12),Volksinitiative,Sozialpolitik,Sozialversicherungen,Alters- und Hinterbliebenenversicherung,EDI (Departement des Innern),Ablehnend,Ablehnend,Ablehnend,Ablehnend
353,1988-12-04,«Stadt-Land-Initiative gegen die Bodenspekulation» (1988-12-04),Volksinitiative,Umwelt und Lebensraum,Boden,Bodenrecht,EJPD (Justiz und Polizei),Ablehnend,Ablehnend,Ablehnend,Ablehnend
354,1988-12-04,Initiative «zur Herabsetzung der Arbeitszeit» (1988-12-04),Volksinitiative,Wirtschaft,Arbeit und Beschäftigung,Arbeitszeit,"WBF (Wirtschaft, Bildung und Forschung)",Ablehnend,Ablehnend,Ablehnend,Ablehnend
355,1988-12-04,Initiative «für die Begrenzung der Einwanderung» (1988-12-04),Volksinitiative,Sozialpolitik,Soziale Gruppen,Ausländer:innen,EJPD (Justiz und Polizei),Ablehnend,Ablehnend,Ablehnend,Ablehnend
356,1989-06-04,Kleinbauern-Initiative (1989-06-04),Volksinitiative,Landwirtschaft,Agrarpolitik,Unbekannt,"WBF (Wirtschaft, Bildung und Forschung)",Ablehnend,Ablehnend,Ablehnend,Ablehnend
357,1989-11-26,Initiative für eine Schweiz ohne Armee (1989-11-26),Volksinitiative,Sicherheitspolitik,Armee,Armeeabschaffung,"VBS (Verteidigung, Bevölkerungsschutz und Sport)",Ablehnend,Ablehnend,Ablehnend,Ablehnend
358,1989-11-26,Initiative «pro Tempo 130/100» (1989-11-26),Volksinitiative,Verkehr und Infrastruktur,Strassenverkehr,Unbekannt,EJPD (Justiz und Polizei),Ablehnend,Ablehnend,Ablehnend,Ablehnend
359,1990-04-01,Initiative «für eine Begrenzung des Strassenbaus» (1990-04-01),Volksinitiative,Verkehr und Infrastruktur,Strassenverkehr,Strassenbau,"UVEK (Umwelt, Verkehr, Energie und Kommunikation)",Ablehnend,Ablehnend,Ablehnend,Ablehnend
360,1990-04-01,Initiative «für eine autobahnfreie Landschaft zwischen Murten und Yverdon» (1990-04-01),Volksinitiative,Verkehr und Infrastruktur,Strassenverkehr,Strassenbau,"UVEK (Umwelt, Verkehr, Energie und Kommunikation)",Ablehnend,Ablehnend,Ablehnend,Ablehnend
361,1990-04-01,Initiative «für ein autobahnfreies Knonauer Amt» (1990-04-01),Volksinitiative,Verkehr und Infrastruktur,Strassenverkehr,Strassenbau,"UVEK (Umwelt, Verkehr, Energie und Kommunikation)",Ablehnend,Ablehnend,Ablehnend,Ablehnend
362,1990-04-01,Initiative für eine freie Aarelandschaft zwischen Biel und Solothurn (1990-04-01),Volksinitiative,Verkehr und Infrastruktur,Strassenverkehr,Strassenbau,"UVEK (Umwelt, Verkehr, Energie und Kommunikation)",Ablehnend,Ablehnend,Ablehnend,Ablehnend
363,1990-04-01,Rebbaubeschluss (1990-04-01),Fakultatives Referendum,Landwirtschaft,Pflanzliche Produktion,Unbekannt,"WBF (Wirtschaft, Bildung und Forschung)",Befürwortend,Befürwortend,Befürwortend,Befürwortend
364,1990-04-01,Gesetz über die Organisation der Bundesrechtspflege (1990-04-01),Fakultatives Referendum,Staatsordnung,Institutionen,Gerichte,EJPD (Justiz und Polizei),Befürwortend,Befürwortend,Befürwortend,Befürwortend
365,1990-09-23,Initiative für einen Ausstieg aus der Atomenergie (1990-09-23),Volksinitiative,Energie,Kernenergie,Unbekannt,"UVEK (Umwelt, Verkehr, Energie und Kommunikation)",Ablehnend,Ablehnend,Ablehnend,Ablehnend
366,1990-09-23,Initiative «Stopp dem Atomkraftwerkbau (Moratorium)» (1990-09-23),Volksinitiative,Energie,Kernenergie,Unbekannt,"UVEK (Umwelt, Verkehr, Energie und Kommunikation)",Ablehnend,Ablehnend,Ablehnend,Ablehnend
367,1990-09-23,Energieartikel (1990-09-23),Obligatorisches Referendum,Energie,Energiepolitik,Unbekannt,"UVEK (Umwelt, Verkehr, Energie und Kommunikation)",Befürwortend,Befürwortend,Befürwortend,Befürwortend
368,1990-09-23,Strassenverkehrsgesetz (1990-09-23),Fakultatives Referendum,Verkehr und Infrastruktur,Strassenverkehr,Unbekannt,EJPD (Justiz und Polizei),Befürwortend,Befürwortend,Befürwortend,Befürwortend
369,1991-03-03,Herabsetzung des Stimmrechtsalters auf 18 Jahre (1991-03-03),Obligatorisches Referendum,Staatsordnung,Volksrechte,Stimmrecht,BK (Bundeskanzlei),Befürwortend,Befürwortend,Befürwortend,Befürwortend
370,1991-03-03,Initiative «zur Förderung des öffentlichen Verkehrs» (1991-03-03),Volksinitiative,Verkehr und Infrastruktur,Verkehrspolitik,Unbekannt,"UVEK (Umwelt, Verkehr, Energie und Kommunikation)",Ablehnend,Ablehnend,Ablehnend,Ablehnend
371,1991-06-02,Neuordnung der Bundesfinanzen (Einführung Mehrwertsteuer) (1991-06-02),Obligatorisches Referendum,Öffentliche Finanzen,Finanzordnung,Unbekannt,EFD (Finanzdepartement),Befürwortend,Befürwortend,Befürwortend,Befürwortend
372,1991-06-02,Militärstrafgesetz (1991-06-02),Fakultatives Referendum,Sicherheitspolitik,Armee,"Dienstverweigerung, Zivildienst",EJPD (Justiz und Polizei),Befürwortend,Befürwortend,Befürwortend,Befürwortend
373,1992-02-16,«Krankenkassen-Initiative» (1992-02-16),Volksinitiative,Sozialpolitik,Sozialversicherungen,Kranken- und Unfallversicherung,EDI (Departement des Innern),Ablehnend,Ablehnend,Ablehnend,Ablehnend
374,1992-02-16,Initiative «Weg vom Tierversuch!» (1992-02-16),Volksinitiative,Bildung und Forschung,Forschung,Tierversuche,"WBF (Wirtschaft, Bildung und Forschung)",Ablehnend,Ablehnend,Ablehnend,Ablehnend
375,1992-05-17,Beitritt zu den Institutionen von Bretton Woods (1992-05-17),Fakultatives Referendum,Aussenpolitik,Internationale Organisationen,Unbekannt,EFD (Finanzdepartement),Befürwortend,Befürwortend,Befürwortend,Befürwortend
376,1992-05-17,Gesetz über die Mitwirkung an den Institutionen von Bretton Woods (1992-05-17),Fakultatives Referendum,Aussenpolitik,Internationale Organisationen,Unbekannt,EFD (Finanzdepartement),Befürwortend,Befürwortend,Befürwortend,Befürwortend
377,1992-05-17,Gewässerschutzgesetz (1992-05-17),Fakultatives Referendum,Umwelt und Lebensraum,Umwelt,Gewässerschutz,EDI (Departement des Innern),Befürwortend,Befürwortend,Befürwortend,Befürwortend
378,1992-05-17,Gewässerschutz-Initiative (1992-05-17),Volksinitiative,Umwelt und Lebensraum,Umwelt,Gewässerschutz,EDI (Departement des Innern),Ablehnend,Ablehnend,Ablehnend,Ablehnend
379,1992-05-17,Regelung der Fortpflanzungs- und Gentechnologie (1992-05-17),Direkter Gegenentwurf,Sozialpolitik,Gesundheit,Fortpflanzungsmedizin,EJPD (Justiz und Polizei),Befürwortend,Befürwortend,Befürwortend,Befürwortend
380,1992-05-17,Einführung eines Zivildiensts (1992-05-17),Obligatorisches Referendum,Sicherheitspolitik,Armee,"Dienstverweigerung, Zivildienst","WBF (Wirtschaft, Bildung und Forschung)",Befürwortend,Befürwortend,Befürwortend,Befürwortend
381,1992-05-17,Reform des Sexualstrafrechts (1992-05-17),Fakultatives Referendum,Staatsordnung,Rechtsordnung,Strafrecht,EJPD (Justiz und Polizei),Befürwortend,Befürwortend,Befürwortend,Befürwortend
382,1992-09-27,Alpentransit-Beschluss (NEAT) (1992-09-27),Fakultatives Referendum,Verkehr und Infrastruktur,Schienenverkehr,Güterverkehr,"UVEK (Umwelt, Verkehr, Energie und Kommunikation)",Befürwortend,Befürwortend,Befürwortend,Befürwortend
383,1992-09-27,Geschäftsverkehrsgesetz (1992-09-27),Fakultatives Referendum,Staatsordnung,Institutionen,Parlament,EFD (Finanzdepartement),Befürwortend,Befürwortend,Befürwortend,Befürwortend
384,1992-09-27,Entschädigungsgesetz (1992-09-27),Fakultatives Referendum,Staatsordnung,Institutionen,Parlament,EFD (Finanzdepartement),Befürwortend,Befürwortend,Befürwortend,Befürwortend
385,1992-09-27,Infrastrukturgesetz (1992-09-27),Fakultatives Referendum,Staatsordnung,Institutionen,Parlament,EFD (Finanzdepartement),Befürwortend,Befürwortend,Befürwortend,Befürwortend
386,1992-09-27,Gesetz über die Stempelabgaben (1992-09-27),Fakultatives Referendum,Öffentliche Finanzen,Steuerwesen,Indirekte Steuern,EFD (Finanzdepartement),Befürwortend,Befürwortend,Befürwortend,Befürwortend
387,1992-09-27,Gesetz über das bäuerliche Bodenrecht (1992-09-27),Fakultatives Referendum,Umwelt und Lebensraum,Boden,Bodenrecht,EJPD (Justiz und Polizei),Befürwortend,Befürwortend,Befürwortend,Befürwortend
388,1992-12-06,EWR-Beitritt (1992-12-06),Obligatorisches Referendum,Aussenpolitik,Europapolitik,EWR,EJPD (Justiz und Polizei),Befürwortend,Befürwortend,Befürwortend,Befürwortend
389,1993-03-07,Erhöhung des Treibstoffzolls (1993-03-07),Fakultatives Referendum,Öffentliche Finanzen,Steuerwesen,Indirekte Steuern,EFD (Finanzdepartement),Befürwortend,Befürwortend,Befürwortend,Befürwortend
390,1993-03-07,Aufhebung des Spielbankenverbots (1993-03-07),Obligatorisches Referendum,Wirtschaft,Wirtschaftspolitik,Strukturpolitik,EFD (Finanzdepartement),Befürwortend,Befürwortend,Befürwortend,Befürwortend
391,1993-03-07,Initiative «zur Abschaffung der Tierversuche» (1993-03-07),Volksinitiative,Bildung und Forschung,Forschung,Tierversuche,"WBF (Wirtschaft, Bildung und Forschung)",Ablehnend,Ablehnend,Ablehnend,Ablehnend
392,1993-06-06,Initiative «40 Waffenplätze sind genug» (1993-06-06),Volksinitiative,Sicherheitspolitik,Armee,Militäranlagen,"VBS (Verteidigung, Bevölkerungsschutz und Sport)",Ablehnend,Ablehnend,Ablehnend,Ablehnend
393,1993-06-06,Initiative «für eine Schweiz ohne neue Kampfflugzeuge» (1993-06-06),Volksinitiative,Sicherheitspolitik,Armee,Rüstung,"VBS (Verteidigung, Bevölkerungsschutz und Sport)",Ablehnend,Ablehnend,Ablehnend,Ablehnend
394,1993-09-26,Bundesbeschluss gegen den Waffenmissbrauch (1993-09-26),Obligatorisches Referendum,Staatsordnung,Rechtsordnung,Strafrecht,EJPD (Justiz und Polizei),Befürwortend,Befürwortend,Befürwortend,Befürwortend
395,1993-09-26,Kantonswechsel des Laufentals zu Basel-Landschaft (1993-09-26),Obligatorisches Referendum,Staatsordnung,Föderalismus,Territorialfragen,EJPD (Justiz und Polizei),Befürwortend,Befürwortend,Befürwortend,Befürwortend
396,1993-09-26,1.-August-Initiative (1993-09-26),Volksinitiative,Staatsordnung,Nationale Identität,Unbekannt,EDI (Departement des Innern),Befürwortend,Befürwortend,Befürwortend,Befürwortend
397,1993-09-26,Befristete Massnahmen in der Krankenversicherung (1993-09-26),Fakultatives Referendum,Sozialpolitik,Sozialversicherungen,Kranken- und Unfallversicherung,EDI (Departement des Innern),Befürwortend,Befürwortend,Befürwortend,Befürwortend
398,1993-09-26,Massnahmen in der Arbeitslosenversicherung (1993-09-26),Fakultatives Referendum,Sozialpolitik,Sozialversicherungen,Arbeitslosenversicherung,"WBF (Wirtschaft, Bildung und Forschung)",Befürwortend,Befürwortend,Befürwortend,Befürwortend
399,1993-11-28,Einführung der Mehrwertsteuer (1993-11-28),Obligatorisches Referendum,Öffentliche Finanzen,Finanzordnung,Unbekannt,EFD (Finanzdepartement),Befürwortend,Befürwortend,Befürwortend,Befürwortend
400,1993-11-28,"Mehrwertsteuer-Satz 6,5% (1993-11-28)",Obligatorisches Referendum,Öffentliche Finanzen,Steuerwesen,Indirekte Steuern,EFD (Finanzdepartement),Befürwortend,Befürwortend,Befürwortend,Befürwortend
401,1993-11-28,Mehrwertsteuerprozent für die AHV (1993-11-28),Obligatorisches Referendum,Öffentliche Finanzen,Steuerwesen,Indirekte Steuern,EFD (Finanzdepartement),Befürwortend,Befürwortend,Befürwortend,Befürwortend
402,1993-11-28,Bundesbeschluss über besondere Verbrauchssteuern (1993-11-28),Obligatorisches Referendum,Öffentliche Finanzen,Steuerwesen,Indirekte Steuern,EFD (Finanzdepartement),Befürwortend,Befürwortend,Befürwortend,Befürwortend
403,1993-11-28,Initiative «zur Verminderung der Alkoholprobleme» (1993-11-28),Volksinitiative,Sozialpolitik,Gesundheit,Suchtmittel,EDI (Departement des Innern),Ablehnend,Ablehnend,Ablehnend,Ablehnend
404,1993-11-28,Initiative «zur Verminderung der Tabakprobleme» (1993-11-28),Volksinitiative,Sozialpolitik,Gesundheit,Suchtmittel,EDI (Departement des Innern),Ablehnend,Ablehnend,Ablehnend,Ablehnend
405,1994-02-20,Weiterführung Autobahnvignette (1994-02-20),Obligatorisches Referendum,Verkehr und Infrastruktur,Strassenverkehr,Unbekannt,"UVEK (Umwelt, Verkehr, Energie und Kommunikation)",Befürwortend,Befürwortend,Befürwortend,Befürwortend
406,1994-02-20,Weiterführung der Schwerverkehrsabgabe (1994-02-20),Obligatorisches Referendum,Verkehr und Infrastruktur,Strassenverkehr,Schwerverkehr,"UVEK (Umwelt, Verkehr, Energie und Kommunikation)",Befürwortend,Befürwortend,Befürwortend,Befürwortend
407,1994-02-20,Einführung einer leistungsabhängigen Schwerverkehrsabgabe (1994-02-20),Obligatorisches Referendum,Verkehr und Infrastruktur,Strassenverkehr,Schwerverkehr,"UVEK (Umwelt, Verkehr, Energie und Kommunikation)",Befürwortend,Befürwortend,Befürwortend,Befürwortend
408,1994-02-20,Alpen-Initiative (1994-02-20),Volksinitiative,Verkehr und Infrastruktur,Verkehrspolitik,Transitverkehr,"UVEK (Umwelt, Verkehr, Energie und Kommunikation)",Ablehnend,Ablehnend,Ablehnend,Ablehnend
409,1994-02-20,Luftfahrtgesetz (1994-02-20),Fakultatives Referendum,Verkehr und Infrastruktur,Luftverkehr,Unbekannt,"UVEK (Umwelt, Verkehr, Energie und Kommunikation)",Befürwortend,Befürwortend,Befürwortend,Befürwortend
410,1994-06-12,Kulturförderungsartikel (1994-06-12),Obligatorisches Referendum,"Kultur, Religion, Medien",Kulturpolitik,Unbekannt,EDI (Departement des Innern),Befürwortend,Befürwortend,Befürwortend,Befürwortend
411,1994-06-12,Erleichterte Einbürgerung für junge Ausländer (1994-06-12),Obligatorisches Referendum,Staatsordnung,Rechtsordnung,Bürgerrecht,EJPD (Justiz und Polizei),Befürwortend,Befürwortend,Befürwortend,Befürwortend
412,1994-06-12,UNO-Blauhelme (1994-06-12),Fakultatives Referendum,Aussenpolitik,Internationale Organisationen,UNO,"VBS (Verteidigung, Bevölkerungsschutz und Sport)",Befürwortend,Befürwortend,Befürwortend,Befürwortend
413,1994-09-25,Aufhebung der Brotgetreideverbilligung (1994-09-25),Obligatorisches Referendum,Landwirtschaft,Pflanzliche Produktion,Unbekannt,EFD (Finanzdepartement),Befürwortend,Befürwortend,Befürwortend,Befürwortend
414,1994-09-25,Verbot der Rassendiskriminierung (1994-09-25),Fakultatives Referendum,Sozialpolitik,Soziale Gruppen,Ausländer:innen,EJPD (Justiz und Polizei),Befürwortend,Befürwortend,Befürwortend,Befürwortend
415,1994-12-04,Krankenversicherungsgesetz (1994-12-04),Fakultatives Referendum,Sozialpolitik,Sozialversicherungen,Kranken- und Unfallversicherung,EDI (Departement des Innern),Befürwortend,Befürwortend,Befürwortend,Befürwortend
416,1994-12-04,Initiative «für eine gesunde Krankenversicherung» (1994-12-04),Volksinitiative,Sozialpolitik,Sozialversicherungen,Kranken- und Unfallversicherung,EDI (Departement des Innern),Ablehnend,Ablehnend,Ablehnend,Ablehnend
417,1994-12-04,Zwangsmassnahmen im Ausländerrecht (1994-12-04),Fakultatives Referendum,Staatsordnung,Rechtsordnung,Strafrecht,EJPD (Justiz und Polizei),Befürwortend,Befürwortend,Befürwortend,Befürwortend
418,1995-03-12,Landwirtschaftsartikel (1995-03-12),Direkter Gegenentwurf,Landwirtschaft,Agrarpolitik,Unbekannt,"WBF (Wirtschaft, Bildung und Forschung)",Befürwortend,Befürwortend,Befürwortend,Befürwortend
419,1995-03-12,Milchwirtschaftsbeschluss (1995-03-12),Fakultatives Referendum,Landwirtschaft,Tierische Produktion,Unbekannt,"WBF (Wirtschaft, Bildung und Forschung)",Befürwortend,Befürwortend,Befürwortend,Befürwortend
420,1995-03-12,Landwirtschaftsgesetz (1995-03-12),Fakultatives Referendum,Landwirtschaft,Agrarpolitik,Unbekannt,"WBF (Wirtschaft, Bildung und Forschung)",Befürwortend,Befürwortend,Befürwortend,Befürwortend
421,1995-03-12,Ausgabenbremse (1995-03-12),Obligatorisches Referendum,Öffentliche Finanzen,Öffentliche Ausgaben,Unbekannt,EFD (Finanzdepartement),Befürwortend,Befürwortend,Befürwortend,Befürwortend
422,1995-06-25,10. AHV-Revision (1995-06-25),Fakultatives Referendum,Sozialpolitik,Sozialversicherungen,Alters- und Hinterbliebenenversicherung,EDI (Departement des Innern),Befürwortend,Befürwortend,Befürwortend,Befürwortend
423,1995-06-25,Initiative «zum Ausbau von AHV und IV» (1995-06-25),Volksinitiative,Sozialpolitik,Sozialversicherungen,Alters- und Hinterbliebenenversicherung,EDI (Departement des Innern),Ablehnend,Ablehnend,Ablehnend,Ablehnend
424,1995-06-25,Gesetz über den Erwerb von Grundstücken durch Personen im Ausland (1995-06-25),Fakultatives Referendum,Umwelt und Lebensraum,Boden,Bodenrecht,EJPD (Justiz und Polizei),Befürwortend,Befürwortend,Befürwortend,Befürwortend
425,1996-03-10,Sprachenartikel (1996-03-10),Obligatorisches Referendum,"Kultur, Religion, Medien",Sprachpolitik,Unbekannt,EDI (Departement des Innern),Befürwortend,Befürwortend,Befürwortend,Befürwortend
426,1996-03-10,Übertritt Vellerat zum Kanton Jura (1996-03-10),Obligatorisches Referendum,Staatsordnung,Föderalismus,Territorialfragen,EJPD (Justiz und Polizei),Befürwortend,Befürwortend,Befürwortend,Befürwortend
427,1996-03-10,Zuständigkeit im Bereich der persönlichen militärischen Ausrüstung (1996-03-10),Obligatorisches Referendum,Sicherheitspolitik,Armee,Rüstung,EFD (Finanzdepartement),Befürwortend,Befürwortend,Befürwortend,Befürwortend
428,1996-03-10,Aufhebung der Pflicht zur Übernahme von Brennapparaten und Branntwein (1996-03-10),Obligatorisches Referendum,Landwirtschaft,Pflanzliche Produktion,Unbekannt,EFD (Finanzdepartement),Befürwortend,Befürwortend,Befürwortend,Befürwortend
429,1996-03-10,Aufhebung der Beiträge an Bahnhofparkplätze (1996-03-10),Obligatorisches Referendum,Verkehr und Infrastruktur,Strassenverkehr,Unbekannt,EFD (Finanzdepartement),Befürwortend,Befürwortend,Befürwortend,Befürwortend
430,1996-06-09,Verfassungsartikel zur Landwirtschaft (1996-06-09),Direkter Gegenentwurf,Landwirtschaft,Agrarpolitik,Unbekannt,"WBF (Wirtschaft, Bildung und Forschung)",Befürwortend,Befürwortend,Befürwortend,Befürwortend
431,1996-06-09,Regierungs- und Verwaltungsorganisationsgesetz (1996-06-09),Fakultatives Referendum,Staatsordnung,Institutionen,"Regierung, Verwaltung",BK (Bundeskanzlei),Befürwortend,Befürwortend,Befürwortend,Befürwortend
432,1996-12-01,Initiative «gegen die illegale Einwanderung» (1996-12-01),Volksinitiative,Sozialpolitik,Soziale Gruppen,Flüchtlinge,EJPD (Justiz und Polizei),Ablehnend,Ablehnend,Ablehnend,Ablehnend
433,1996-12-01,Arbeitsgesetz (1996-12-01),Fakultatives Referendum,Wirtschaft,Arbeit und Beschäftigung,Arbeitsbedingungen,"WBF (Wirtschaft, Bildung und Forschung)",Keine,Befürwortend,Befürwortend,Befürwortend
434,1997-06-08,Initiative «EU-Beitrittsverhandlungen vors Volk!» (1997-06-08),Volksinitiative,Aussenpolitik,Europapolitik,EU,EDA (auswärtige Angelegenheiten),Ablehnend,Ablehnend,Ablehnend,Ablehnend
435,1997-06-08,Initiative «für ein Verbot der Kriegsmaterialausfuhr» (1997-06-08),Volksinitiative,Aussenpolitik,Aussenwirtschaftspolitik,Unbekannt,"VBS (Verteidigung, Bevölkerungsschutz und Sport)",Ablehnend,Ablehnend,Ablehnend,Ablehnend
436,1997-06-08,Aufhebung des Pulverregals (1997-06-08),Obligatorisches Referendum,Sicherheitspolitik,Armee,Rüstung,"VBS (Verteidigung, Bevölkerungsschutz und Sport)",Befürwortend,Befürwortend,Befürwortend,Befürwortend
437,1997-09-28,Finanzierung der Arbeitslosenversicherung (1997-09-28),Fakultatives Referendum,Sozialpolitik,Sozialversicherungen,Arbeitslosenversicherung,EFD (Finanzdepartement),Befürwortend,Befürwortend,Befürwortend,Befürwortend
438,1997-09-28,Initiative «Jugend ohne Drogen» (1997-09-28),Volksinitiative,Sozialpolitik,Gesundheit,Suchtmittel,EDI (Departement des Innern),Ablehnend,Ablehnend,Ablehnend,Ablehnend
439,1998-06-07,Haushaltsziel 2001 (1998-06-07),Obligatorisches Referendum,Öffentliche Finanzen,Öffentliche Ausgaben,Unbekannt,EFD (Finanzdepartement),Befürwortend,Befürwortend,Befürwortend,Befürwortend
440,1998-06-07,«Gen-Schutz-Initiative» (1998-06-07),Volksinitiative,Bildung und Forschung,Forschung,Gentechnologie,"WBF (Wirtschaft, Bildung und Forschung)",Ablehnend,Ablehnend,Ablehnend,Ablehnend
441,1998-06-07,Initiative «S.o.S. - Schweiz ohne Schnüffelpolizei» (1998-06-07),Volksinitiative,Sicherheitspolitik,Öffentliche Sicherheit,Staatsschutz,EJPD (Justiz und Polizei),Ablehnend,Ablehnend,Ablehnend,Ablehnend
442,1998-09-27,Leistungsabhängige Schwerverkehrsabgabe (LSVA) (1998-09-27),Fakultatives Referendum,Verkehr und Infrastruktur,Strassenverkehr,Schwerverkehr,"UVEK (Umwelt, Verkehr, Energie und Kommunikation)",Befürwortend,Befürwortend,Befürwortend,Befürwortend
443,1998-09-27,Kleinbauern-Initiative (1998-09-27),Volksinitiative,Landwirtschaft,Agrarpolitik,Unbekannt,"WBF (Wirtschaft, Bildung und Forschung)",Ablehnend,Ablehnend,Ablehnend,Ablehnend
444,1998-09-27,Initiative «für die 10. AHV-Revision ohne Erhöhung des Rentenalters» (1998-09-27),Volksinitiative,Sozialpolitik,Sozialversicherungen,Alters- und Hinterbliebenenversicherung,EDI (Departement des Innern),Ablehnend,Ablehnend,Ablehnend,Ablehnend
445,1998-11-29,Finanzierung des öffentlichen Verkehrs (FinöV) (1998-11-29),Obligatorisches Referendum,Verkehr und Infrastruktur,Schienenverkehr,Güterverkehr,"UVEK (Umwelt, Verkehr, Energie und Kommunikation)",Befürwortend,Befürwortend,Befürwortend,Befürwortend
446,1998-11-29,Getreideartikel (1998-11-29),Obligatorisches Referendum,Landwirtschaft,Pflanzliche Produktion,Unbekannt,"WBF (Wirtschaft, Bildung und Forschung)",Befürwortend,Befürwortend,Befürwortend,Befürwortend
447,1998-11-29,Initiative «für eine vernünftige Drogenpolitik» (1998-11-29),Volksinitiative,Sozialpolitik,Gesundheit,Suchtmittel,EDI (Departement des Innern),Ablehnend,Ablehnend,Ablehnend,Ablehnend
448,1998-11-29,Arbeitsgesetz (1998-11-29),Fakultatives Referendum,Wirtschaft,Arbeit und Beschäftigung,Arbeitsbedingungen,"WBF (Wirtschaft, Bildung und Forschung)",Befürwortend,Befürwortend,Befürwortend,Befürwortend
449,1999-02-07,Bundesbeschluss über die Wählbarkeit in den Bundesrat (1999-02-07),Obligatorisches Referendum,Staatsordnung,Institutionen,"Regierung, Verwaltung",EJPD (Justiz und Polizei),Befürwortend,Befürwortend,Befürwortend,Befürwortend
450,1999-02-07,Verfassungsbestimmung über die Transplantationsmedizin (1999-02-07),Obligatorisches Referendum,Sozialpolitik,Gesundheit,Medizinforschung und –technik,EDI (Departement des Innern),Befürwortend,Befürwortend,Befürwortend,Befürwortend
451,1999-02-07,Wohneigentums-Initiative (1999-02-07),Volksinitiative,Umwelt und Lebensraum,Wohnen,"Wohnungsbau, Wohneigentum",EFD (Finanzdepartement),Ablehnend,Ablehnend,Ablehnend,Ablehnend
452,1999-02-07,Raumplanungsgesetz (1999-02-07),Fakultatives Referendum,Umwelt und Lebensraum,Boden,Raumplanung,EJPD (Justiz und Polizei),Befürwortend,Befürwortend,Befürwortend,Befürwortend
453,1999-04-18,Neue Bundesverfassung (1999-04-18),Obligatorisches Referendum,Staatsordnung,Politisches System,Bundesverfassung,EJPD (Justiz und Polizei),Befürwortend,Befürwortend,Befürwortend,Befürwortend
454,1999-06-13,Asylgesetz (1999-06-13),Fakultatives Referendum,Sozialpolitik,Soziale Gruppen,Flüchtlinge,EJPD (Justiz und Polizei),Befürwortend,Befürwortend,Befürwortend,Befürwortend
455,1999-06-13,Massnahmen im Asyl- und Ausländerbereich (1999-06-13),Fakultatives Referendum,Sozialpolitik,Soziale Gruppen,Flüchtlinge,EJPD (Justiz und Polizei),Befürwortend,Befürwortend,Befürwortend,Befürwortend
456,1999-06-13,Bundesbeschluss über die ärztliche Verschreibung von Heroin (1999-06-13),Fakultatives Referendum,Sozialpolitik,Gesundheit,Suchtmittel,EDI (Departement des Innern),Befürwortend,Befürwortend,Befürwortend,Befürwortend
457,1999-06-13,Gesetz über die Invalidenversicherung (1999-06-13),Fakultatives Referendum,Sozialpolitik,Sozialversicherungen,Invalidenversicherung,EDI (Departement des Innern),Befürwortend,Befürwortend,Befürwortend,Befürwortend
458,1999-06-13,Gesetz über die Mutterschaftsversicherung (1999-06-13),Fakultatives Referendum,Sozialpolitik,Sozialversicherungen,Mutterschaftsversicherung,EDI (Departement des Innern),Befürwortend,Befürwortend,Befürwortend,Befürwortend
459,2000-03-12,Justizreform (2000-03-12),Obligatorisches Referendum,Staatsordnung,Institutionen,Gerichte,EJPD (Justiz und Polizei),Befürwortend,Befürwortend,Befürwortend,Befürwortend
460,2000-03-12,Initiative «für die Beschleunigung der direkten Demokratie» (2000-03-12),Volksinitiative,Staatsordnung,Volksrechte,Initiative,EJPD (Justiz und Polizei),Ablehnend,Ablehnend,Ablehnend,Ablehnend
461,2000-03-12,Initiative «für eine gerechte Vertretung der Frauen in den Bundesbehörden» (2000-03-12),Volksinitiative,Sozialpolitik,Soziale Gruppen,Stellung der Frau,EJPD (Justiz und Polizei),Ablehnend,Ablehnend,Ablehnend,Ablehnend
462,2000-03-12,Initiative «für menschenwürdige Fortpflanzung» (2000-03-12),Volksinitiative,Sozialpolitik,Gesundheit,Fortpflanzungsmedizin,EJPD (Justiz und Polizei),Ablehnend,Ablehnend,Ablehnend,Ablehnend
463,2000-03-12,«Verkehrshalbierungs-Initiative» (2000-03-12),Volksinitiative,Verkehr und Infrastruktur,Verkehrspolitik,Unbekannt,"UVEK (Umwelt, Verkehr, Energie und Kommunikation)",Ablehnend,Ablehnend,Ablehnend,Ablehnend
464,2000-05-21,Bilaterale Abkommen mit der EU (2000-05-21),Fakultatives Referendum,Aussenpolitik,Europapolitik,EU,EDA (auswärtige Angelegenheiten),Befürwortend,Befürwortend,Befürwortend,Befürwortend
465,2000-09-24,Solarinitiative (2000-09-24),Volksinitiative,Energie,Alternativenergien,Unbekannt,"UVEK (Umwelt, Verkehr, Energie und Kommunikation)",Ablehnend,Ablehnend,Ablehnend,Ablehnend
465,2000-09-24,Förderabgabe für erneuerbare Energien (2000-09-24),Direkter Gegenentwurf,Energie,Alternativenergien,Unbekannt,"UVEK (Umwelt, Verkehr, Energie und Kommunikation)",Befürwortend,Befürwortend,Befürwortend,Befürwortend
465,2000-09-24,Stichfrage zu Solarinitiative und Gegenentwurf (2000-09-24),Stichfrage,Energie,Alternativenergien,Unbekannt,"UVEK (Umwelt, Verkehr, Energie und Kommunikation)",Vorzug für Gegenentwurf,Vorzug für Gegenentwurf,Vorzug für Gegenentwurf,Vorzug für Gegenentwurf
466,2000-09-24,Energielenkungsabgabe für die Umwelt (2000-09-24),Direkter Gegenentwurf,Energie,Energiepolitik,Unbekannt,"UVEK (Umwelt, Verkehr, Energie und Kommunikation)",Befürwortend,Befürwortend,Befürwortend,Befürwortend
467,2000-09-24,Initiative «für eine Regelung der Zuwanderung» (2000-09-24),Volksinitiative,Sozialpolitik,Soziale Gruppen,Ausländer:innen,EJPD (Justiz und Polizei),Ablehnend,Ablehnend,Ablehnend,Ablehnend
468,2000-09-24,Initiative für ein konstruktives Referendum (2000-09-24),Volksinitiative,Staatsordnung,Volksrechte,Referendum,EJPD (Justiz und Polizei),Ablehnend,Ablehnend,Ablehnend,Ablehnend
469,2000-11-26,Initiative «für eine Flexibilisierung der AHV - gegen die Erhöhung des Rentenalters für Frauen» (2000-11-26),Volksinitiative,Sozialpolitik,Sozialversicherungen,Alters- und Hinterbliebenenversicherung,EDI (Departement des Innern),Ablehnend,Ablehnend,Ablehnend,Ablehnend
470,2000-11-26,Initiative «für ein flexibles Rentenalter ab 62 für Frau und Mann» (2000-11-26),Volksinitiative,Sozialpolitik,Sozialversicherungen,Alters- und Hinterbliebenenversicherung,EDI (Departement des Innern),Ablehnend,Ablehnend,Ablehnend,Ablehnend
471,2000-11-26,«Umverteilungsinitiative» (2000-11-26),Volksinitiative,Sicherheitspolitik,Armee,Armee (allgemein),"VBS (Verteidigung, Bevölkerungsschutz und Sport)",Ablehnend,Ablehnend,Ablehnend,Ablehnend
472,2000-11-26,Initiative «für tiefere Spitalkosten» (2000-11-26),Volksinitiative,Sozialpolitik,Gesundheit,Gesundheitspolitik,EDI (Departement des Innern),Ablehnend,Ablehnend,Ablehnend,Ablehnend
473,2000-11-26,Bundespersonalgesetz (2000-11-26),Fakultatives Referendum,Staatsordnung,Institutionen,"Regierung, Verwaltung",EFD (Finanzdepartement),Befürwortend,Befürwortend,Befürwortend,Befürwortend
474,2001-03-04,Initiative «Ja zu Europa!» (2001-03-04),Volksinitiative,Aussenpolitik,Europapolitik,EU,EDA (auswärtige Angelegenheiten),Ablehnend,Ablehnend,Ablehnend,Ablehnend
475,2001-03-04,Initiative «für tiefere Arzneimittelpreise» (2001-03-04),Volksinitiative,Sozialpolitik,Gesundheit,Medikamente,EDI (Departement des Innern),Ablehnend,Ablehnend,Ablehnend,Ablehnend
476,2001-03-04,Initiative «Strassen für alle» (Tempo 30) (2001-03-04),Volksinitiative,Verkehr und Infrastruktur,Strassenverkehr,Unbekannt,"UVEK (Umwelt, Verkehr, Energie und Kommunikation)",Ablehnend,Ablehnend,Ablehnend,Ablehnend
477,2001-06-10,Militärgesetz: Bewaffnung (2001-06-10),Fakultatives Referendum,Sicherheitspolitik,Armee,Armee (allgemein),"VBS (Verteidigung, Bevölkerungsschutz und Sport)",Befürwortend,Befürwortend,Befürwortend,Befürwortend
478,2001-06-10,Militärgesetz: Ausbildungszusammenarbeit (2001-06-10),Fakultatives Referendum,Sicherheitspolitik,Armee,Militärische Ausbildung,"VBS (Verteidigung, Bevölkerungsschutz und Sport)",Befürwortend,Befürwortend,Befürwortend,Befürwortend
479,2001-06-10,Aufhebung des Bistumsartikels (2001-06-10),Obligatorisches Referendum,"Kultur, Religion, Medien","Religion, Kirchen",Unbekannt,EJPD (Justiz und Polizei),Befürwortend,Befürwortend,Befürwortend,Befürwortend
480,2001-12-02,Schuldenbremse (2001-12-02),Obligatorisches Referendum,Öffentliche Finanzen,Öffentliche Ausgaben,Unbekannt,EFD (Finanzdepartement),Befürwortend,Befürwortend,Befürwortend,Befürwortend
481,2001-12-02,Initiative «Energie statt Arbeit besteuern» (2001-12-02),Volksinitiative,Energie,Energiepolitik,Unbekannt,EFD (Finanzdepartement),Ablehnend,Ablehnend,Ablehnend,Ablehnend
482,2001-12-02,Initiative für eine Schweiz ohne Armee (2001-12-02),Volksinitiative,Sicherheitspolitik,Armee,Armeeabschaffung,"VBS (Verteidigung, Bevölkerungsschutz und Sport)",Ablehnend,Ablehnend,Ablehnend,Ablehnend
483,2001-12-02,Initiative «Für einen freiwilligen zivilen Friedensdienst» (2001-12-02),Volksinitiative,Sicherheitspolitik,Armee,"Dienstverweigerung, Zivildienst","VBS (Verteidigung, Bevölkerungsschutz und Sport)",Ablehnend,Ablehnend,Ablehnend,Ablehnend
484,2001-12-02,Initiative «für eine Kapitalgewinnsteuer» (2001-12-02),Volksinitiative,Öffentliche Finanzen,Steuerwesen,Direkte Steuern,EFD (Finanzdepartement),Ablehnend,Ablehnend,Ablehnend,Ablehnend
485,2002-03-03,Initiative für den UNO-Beitritt (2002-03-03),Volksinitiative,Aussenpolitik,Internationale Organisationen,UNO,EDA (auswärtige Angelegenheiten),Befürwortend,Befürwortend,Befürwortend,Befürwortend
486,2002-03-03,Initiative «für eine kürzere Arbeitszeit» (2002-03-03),Volksinitiative,Wirtschaft,Arbeit und Beschäftigung,Arbeitszeit,"WBF (Wirtschaft, Bildung und Forschung)",Ablehnend,Ablehnend,Ablehnend,Ablehnend
487,2002-06-02,Fristenregelung (Schwangerschaftsabbruch) (2002-06-02),Fakultatives Referendum,Staatsordnung,Rechtsordnung,Strafrecht,EJPD (Justiz und Polizei),Befürwortend,Befürwortend,Befürwortend,Befürwortend
488,2002-06-02,Initiative «Für Mutter und Kind» (2002-06-02),Volksinitiative,Staatsordnung,Rechtsordnung,Strafrecht,EJPD (Justiz und Polizei),Ablehnend,Ablehnend,Ablehnend,Ablehnend
489,2002-09-22,«Goldinitiative» (2002-09-22),Volksinitiative,Wirtschaft,Finanzwesen,Geld- und Währungspolitik,EFD (Finanzdepartement),Ablehnend,Ablehnend,Ablehnend,Ablehnend
489,2002-09-22,"Gegenentwurf «Gold für AHV, Kantone und Stiftung» (2002-09-22)",Direkter Gegenentwurf,Wirtschaft,Finanzwesen,Geld- und Währungspolitik,EFD (Finanzdepartement),Befürwortend,Befürwortend,Befürwortend,Befürwortend
489,2002-09-22,Stichfrage zu Goldinitiative und Gegenentwurf (2002-09-22),Stichfrage,Wirtschaft,Finanzwesen,Geld- und Währungspolitik,EFD (Finanzdepartement),Vorzug für Gegenentwurf,Vorzug für Gegenentwurf,Vorzug für Gegenentwurf,Vorzug für Gegenentwurf
490,2002-09-22,Elektrizitätsmarktgesetz (2002-09-22),Fakultatives Referendum,Energie,Energiepolitik,Unbekannt,"UVEK (Umwelt, Verkehr, Energie und Kommunikation)",Befürwortend,Befürwortend,Befürwortend,Befürwortend
491,2002-11-24,Initiative «gegen Asylrechtsmissbrauch» (2002-11-24),Volksinitiative,Sozialpolitik,Soziale Gruppen,Flüchtlinge,EJPD (Justiz und Polizei),Ablehnend,Ablehnend,Ablehnend,Ablehnend
492,2002-11-24,Arbeitslosenversicherungsgesetz (2002-11-24),Fakultatives Referendum,Sozialpolitik,Sozialversicherungen,Arbeitslosenversicherung,"WBF (Wirtschaft, Bildung und Forschung)",Befürwortend,Befürwortend,Befürwortend,Befürwortend
493,2003-02-09,Bundesbeschluss über die Änderung der Volksrechte (2003-02-09),Obligatorisches Referendum,Staatsordnung,Volksrechte,Initiative,EJPD (Justiz und Polizei),Befürwortend,Befürwortend,Befürwortend,Befürwortend
494,2003-02-09,Gesetz über die kantonalen Beiträge an Spitalbehandlungen (2003-02-09),Fakultatives Referendum,Sozialpolitik,Sozialversicherungen,Kranken- und Unfallversicherung,EDI (Departement des Innern),Befürwortend,Befürwortend,Befürwortend,Befürwortend
495,2003-05-18,Armee XXI (2003-05-18),Fakultatives Referendum,Sicherheitspolitik,Armee,Militärorganisation,"VBS (Verteidigung, Bevölkerungsschutz und Sport)",Befürwortend,Befürwortend,Befürwortend,Befürwortend
496,2003-05-18,Gesetz über den Zivilschutz (2003-05-18),Fakultatives Referendum,Sicherheitspolitik,Öffentliche Sicherheit,Bevölkerungsschutz,"VBS (Verteidigung, Bevölkerungsschutz und Sport)",Befürwortend,Befürwortend,Befürwortend,Befürwortend
497,2003-05-18,Initiative «Ja zu fairen Mieten» (2003-05-18),Volksinitiative,Umwelt und Lebensraum,Wohnen,Mietwesen,"WBF (Wirtschaft, Bildung und Forschung)",Ablehnend,Ablehnend,Ablehnend,Ablehnend
498,2003-05-18,Initiative «Für einen autofreien Sonntag pro Jahreszeit» (2003-05-18),Volksinitiative,Verkehr und Infrastruktur,Strassenverkehr,Unbekannt,"UVEK (Umwelt, Verkehr, Energie und Kommunikation)",Ablehnend,Ablehnend,Ablehnend,Ablehnend
499,2003-05-18,«Gesundheitsinitiative» (2003-05-18),Volksinitiative,Sozialpolitik,Sozialversicherungen,Kranken- und Unfallversicherung,EDI (Departement des Innern),Ablehnend,Ablehnend,Ablehnend,Ablehnend
500,2003-05-18,Initiative «Gleiche Rechte für Behinderte» (2003-05-18),Volksinitiative,Sozialpolitik,Soziale Gruppen,Behinderte,EJPD (Justiz und Polizei),Ablehnend,Ablehnend,Ablehnend,Ablehnend
501,2003-05-18,Initiative «Strom ohne Atom» (2003-05-18),Volksinitiative,Energie,Kernenergie,Unbekannt,"UVEK (Umwelt, Verkehr, Energie und Kommunikation)",Ablehnend,Ablehnend,Ablehnend,Ablehnend
502,2003-05-18,Initiative «MoratoriumPlus» (2003-05-18),Volksinitiative,Energie,Kernenergie,Unbekannt,"UVEK (Umwelt, Verkehr, Energie und Kommunikation)",Ablehnend,Ablehnend,Ablehnend,Ablehnend
503,2003-05-18,«Lehrstellen-Initiative» (2003-05-18),Volksinitiative,Bildung und Forschung,Berufsbildung,Unbekannt,"WBF (Wirtschaft, Bildung und Forschung)",Ablehnend,Ablehnend,Ablehnend,Ablehnend
504,2004-02-08,Gegenentwurf zur Avanti-Initiative (2004-02-08),Direkter Gegenentwurf,Verkehr und Infrastruktur,Verkehrspolitik,Agglomerationsverkehr,"UVEK (Umwelt, Verkehr, Energie und Kommunikation)",Befürwortend,Befürwortend,Befürwortend,Befürwortend
505,2004-02-08,Änderung des Mietrechts (2004-02-08),Fakultatives Referendum,Umwelt und Lebensraum,Wohnen,Mietwesen,"WBF (Wirtschaft, Bildung und Forschung)",Befürwortend,Befürwortend,Befürwortend,Befürwortend
506,2004-02-08,Initiative für eine lebenslange Verwahrung für gefährliche Straftäter (2004-02-08),Volksinitiative,Staatsordnung,Rechtsordnung,Strafrecht,EJPD (Justiz und Polizei),Ablehnend,Ablehnend,Ablehnend,Ablehnend
507,2004-05-16,11. AHV-Revision (2004-05-16),Fakultatives Referendum,Sozialpolitik,Sozialversicherungen,Alters- und Hinterbliebenenversicherung,EDI (Departement des Innern),Befürwortend,Befürwortend,Befürwortend,Befürwortend
508,2004-05-16,Anhebung der Mehrwertsteuer zu Gunsten von AHV und IV (2004-05-16),Obligatorisches Referendum,Sozialpolitik,Sozialversicherungen,Alters- und Hinterbliebenenversicherung,EDI (Departement des Innern),Befürwortend,Befürwortend,Befürwortend,Befürwortend
509,2004-05-16,Steuerpaket (2004-05-16),Fakultatives Referendum,Öffentliche Finanzen,Steuerwesen,Steuerpolitik,EFD (Finanzdepartement),Befürwortend,Befürwortend,Befürwortend,Befürwortend
510,2004-09-26,Erleichterte Einbürgerung von Jugendlichen der zweiten Generation (2004-09-26),Obligatorisches Referendum,Staatsordnung,Rechtsordnung,Bürgerrecht,EJPD (Justiz und Polizei),Befürwortend,Befürwortend,Befürwortend,Befürwortend
511,2004-09-26,Bürgerrechtserwerb für die dritte Generation (2004-09-26),Obligatorisches Referendum,Staatsordnung,Rechtsordnung,Bürgerrecht,EJPD (Justiz und Polizei),Befürwortend,Befürwortend,Befürwortend,Befürwortend
512,2004-09-26,Initiative «Postdienst für alle» (2004-09-26),Volksinitiative,Verkehr und Infrastruktur,Post,Unbekannt,"UVEK (Umwelt, Verkehr, Energie und Kommunikation)",Ablehnend,Ablehnend,Ablehnend,Ablehnend
513,2004-09-26,Erwerbsersatz für Dienstleistende und bei Mutterschaft (2004-09-26),Fakultatives Referendum,Sozialpolitik,Sozialversicherungen,Mutterschaftsversicherung,EDI (Departement des Innern),Befürwortend,Befürwortend,Befürwortend,Befürwortend
514,2004-11-28,Neugestaltung Finanzausgleich (2004-11-28),Obligatorisches Referendum,Staatsordnung,Föderalismus,Beziehungen zwischen Bund und Kantonen,EFD (Finanzdepartement),Befürwortend,Befürwortend,Befürwortend,Befürwortend
515,2004-11-28,Neue Finanzordnung (2004-11-28),Obligatorisches Referendum,Öffentliche Finanzen,Finanzordnung,Unbekannt,EFD (Finanzdepartement),Befürwortend,Befürwortend,Befürwortend,Befürwortend
516,2004-11-28,Stammzellenforschungsgesetz (2004-11-28),Fakultatives Referendum,Bildung und Forschung,Forschung,Unbekannt,EDI (Departement des Innern),Befürwortend,Befürwortend,Befürwortend,Befürwortend
517,2005-06-05,Abkommen zu Schengen und Dublin (2005-06-05),Fakultatives Referendum,Aussenpolitik,Europapolitik,EU,EDA (auswärtige Angelegenheiten),Befürwortend,Befürwortend,Befürwortend,Befürwortend
518,2005-06-05,Gesetz über die eingetragene Partnerschaft gleichgeschlechtlicher Paare (2005-06-05),Fakultatives Referendum,Staatsordnung,Rechtsordnung,Privatrecht,EJPD (Justiz und Polizei),Befürwortend,Befürwortend,Befürwortend,Befürwortend
519,2005-09-25,Ausdehnung der Personenfreizügigkeit auf die neuen EU-Staaten (2005-09-25),Fakultatives Referendum,Aussenpolitik,Europapolitik,EU,EJPD (Justiz und Polizei),Befürwortend,Befürwortend,Befürwortend,Befürwortend
520,2005-11-27,Initiative «für Lebensmittel aus gentechnikfreier Landwirtschaft» (2005-11-27),Volksinitiative,Landwirtschaft,Agrarpolitik,Unbekannt,"WBF (Wirtschaft, Bildung und Forschung)",Ablehnend,Ablehnend,Ablehnend,Ablehnend
521,2005-11-27,Arbeitsgesetz (Sonntagsarbeit) (2005-11-27),Fakultatives Referendum,Wirtschaft,Arbeit und Beschäftigung,Arbeitsbedingungen,"WBF (Wirtschaft, Bildung und Forschung)",Befürwortend,Befürwortend,Befürwortend,Befürwortend
522,2006-05-21,Neuordnung der Verfassungsbestimmungen zur Bildung (2006-05-21),Obligatorisches Referendum,Bildung und Forschung,Bildungspolitik,Unbekannt,EDI (Departement des Innern),Befürwortend,Befürwortend,Befürwortend,Befürwortend
523,2006-09-24,Initiative «Nationalbankgewinne für die AHV» (2006-09-24),Volksinitiative,Sozialpolitik,Sozialversicherungen,Alters- und Hinterbliebenenversicherung,EFD (Finanzdepartement),Ablehnend,Ablehnend,Ablehnend,Ablehnend
524,2006-09-24,Ausländergesetz (2006-09-24),Fakultatives Referendum,Sozialpolitik,Soziale Gruppen,Ausländer:innen,EJPD (Justiz und Polizei),Befürwortend,Befürwortend,Befürwortend,Befürwortend
525,2006-09-24,Asylgesetz (2006-09-24),Fakultatives Referendum,Sozialpolitik,Soziale Gruppen,Flüchtlinge,EJPD (Justiz und Polizei),Befürwortend,Befürwortend,Befürwortend,Befürwortend
526,2006-11-26,Gesetz über die Zusammenarbeit mit den Staaten Osteuropas (2006-11-26),Fakultatives Referendum,Aussenpolitik,Europapolitik,EU,EDA (auswärtige Angelegenheiten),Befürwortend,Befürwortend,Befürwortend,Befürwortend
527,2006-11-26,Gesetz über die Familienzulagen (2006-11-26),Fakultatives Referendum,Sozialpolitik,Soziale Gruppen,Familienpolitik,EDI (Departement des Innern),Befürwortend,Befürwortend,Befürwortend,Befürwortend
528,2007-03-11,Initiative für eine Einheitskrankenkasse (2007-03-11),Volksinitiative,Sozialpolitik,Sozialversicherungen,Kranken- und Unfallversicherung,EDI (Departement des Innern),Ablehnend,Ablehnend,Ablehnend,Ablehnend
529,2007-06-17,5. IV-Revision (2007-06-17),Fakultatives Referendum,Sozialpolitik,Sozialversicherungen,Invalidenversicherung,EDI (Departement des Innern),Befürwortend,Befürwortend,Befürwortend,Befürwortend
530,2008-02-24,Initiative «Gegen Kampfjetlärm in Tourismusgebieten» (2008-02-24),Volksinitiative,Umwelt und Lebensraum,Umwelt,Lärmschutz,"VBS (Verteidigung, Bevölkerungsschutz und Sport)",Ablehnend,Ablehnend,Ablehnend,Ablehnend
531,2008-02-24,Unternehmenssteuerreform II (2008-02-24),Fakultatives Referendum,Öffentliche Finanzen,Steuerwesen,Direkte Steuern,EFD (Finanzdepartement),Befürwortend,Befürwortend,Befürwortend,Befürwortend
532,2008-06-01,Initiative «Für demokratische Einbürgerungen» (2008-06-01),Volksinitiative,Staatsordnung,Rechtsordnung,Bürgerrecht,EJPD (Justiz und Polizei),Ablehnend,Ablehnend,Ablehnend,Ablehnend
533,2008-06-01,Initiative «gegen Behördenprogaganda» (2008-06-01),Volksinitiative,Staatsordnung,Institutionen,"Regierung, Verwaltung",BK (Bundeskanzlei),Ablehnend,Ablehnend,Ablehnend,Ablehnend
534,2008-06-01,Verfassungsartikel zur Krankenversicherung (2008-06-01),Direkter Gegenentwurf,Sozialpolitik,Sozialversicherungen,Kranken- und Unfallversicherung,EDI (Departement des Innern),Befürwortend,Befürwortend,Befürwortend,Befürwortend
535,2008-11-30,Initiative für die Unverjährbarkeit pornografischer Straftaten an Kindern (2008-11-30),Volksinitiative,Staatsordnung,Rechtsordnung,Strafrecht,EJPD (Justiz und Polizei),Ablehnend,Ablehnend,Ablehnend,Ablehnend
536,2008-11-30,Initiative «für ein flexibles AHV-Alter» (2008-11-30),Volksinitiative,Sozialpolitik,Sozialversicherungen,Alters- und Hinterbliebenenversicherung,EDI (Departement des Innern),Ablehnend,Ablehnend,Ablehnend,Ablehnend
537,2008-11-30,Verbandsbeschwerderechts-Initiative (2008-11-30),Volksinitiative,Umwelt und Lebensraum,Umwelt,Natur- und Heimatschutz,"UVEK (Umwelt, Verkehr, Energie und Kommunikation)",Ablehnend,Ablehnend,Ablehnend,Ablehnend
538,2008-11-30,Initiative «für eine vernünftige Hanf-Politik» (2008-11-30),Volksinitiative,Sozialpolitik,Gesundheit,Suchtmittel,EDI (Departement des Innern),Ablehnend,Ablehnend,Ablehnend,Ablehnend
539,2008-11-30,Betäubungsmittelgesetz (2008-11-30),Fakultatives Referendum,Sozialpolitik,Gesundheit,Suchtmittel,EDI (Departement des Innern),Befürwortend,Befürwortend,Befürwortend,Befürwortend
540,2009-02-08,Weiterführung der Personenfreizügigkeit Schweiz–EU und Ausdehnung auf Bulgarien und Rumänien (2009-02-08),Fakultatives Referendum,Aussenpolitik,Europapolitik,EU,EJPD (Justiz und Polizei),Befürwortend,Befürwortend,Befürwortend,Befürwortend
541,2009-05-17,Verfassungsartikel zur Komplementärmedizin (2009-05-17),Direkter Gegenentwurf,Sozialpolitik,Gesundheit,Gesundheitspolitik,EDI (Departement des Innern),Befürwortend,Befürwortend,Befürwortend,Befürwortend
542,2009-05-17,Einführung des biometrischen Passes (2009-05-17),Fakultatives Referendum,Staatsordnung,Rechtsordnung,Datenschutz,EJPD (Justiz und Polizei),Befürwortend,Befürwortend,Befürwortend,Befürwortend
543,2009-09-27,Zusatzfinanzierung der Invalidenversicherung (2009-09-27),Obligatorisches Referendum,Sozialpolitik,Sozialversicherungen,Invalidenversicherung,EDI (Departement des Innern),Befürwortend,Befürwortend,Befürwortend,Befürwortend
544,2009-09-27,Verzicht auf die Einführung der allgemeinen Volksinitiative (2009-09-27),Obligatorisches Referendum,Staatsordnung,Volksrechte,Initiative,EJPD (Justiz und Polizei),Befürwortend,Befürwortend,Befürwortend,Befürwortend
545,2009-11-29,Spezialfinanzierung für Aufgaben im Luftverkehr (2009-11-29),Obligatorisches Referendum,Verkehr und Infrastruktur,Luftverkehr,Unbekannt,"UVEK (Umwelt, Verkehr, Energie und Kommunikation)",Befürwortend,Befürwortend,Befürwortend,Befürwortend
546,2009-11-29,Initiative «Für ein Verbot von Kriegsmaterial-Exporten» (2009-11-29),Volksinitiative,Aussenpolitik,Aussenwirtschaftspolitik,Unbekannt,"WBF (Wirtschaft, Bildung und Forschung)",Ablehnend,Ablehnend,Ablehnend,Ablehnend
547,2009-11-29,Initiative «Gegen den Bau von Minaretten» (2009-11-29),Volksinitiative,"Kultur, Religion, Medien","Religion, Kirchen",Unbekannt,EJPD (Justiz und Polizei),Ablehnend,Ablehnend,Ablehnend,Ablehnend
548,2010-03-07,Verfassungsartikel über die Forschung am Menschen (2010-03-07),Obligatorisches Referendum,Bildung und Forschung,Forschung,Unbekannt,EDI (Departement des Innern),Befürwortend,Befürwortend,Befürwortend,Befürwortend
549,2010-03-07,Tierschutzanwalt-Initiative (2010-03-07),Volksinitiative,Umwelt und Lebensraum,Umwelt,Tierschutz,"WBF (Wirtschaft, Bildung und Forschung)",Ablehnend,Ablehnend,Ablehnend,Ablehnend
550,2010-03-07,Berufliche Vorsorge: Anpassung des Mindestumwandlungssatzes (2010-03-07),Fakultatives Referendum,Sozialpolitik,Sozialversicherungen,Berufliche Vorsorge,EDI (Departement des Innern),Befürwortend,Befürwortend,Befürwortend,Befürwortend
551,2010-09-26,Revision des Arbeitslosenversicherungsgesetzes (2010-09-26),Fakultatives Referendum,Sozialpolitik,Sozialversicherungen,Arbeitslosenversicherung,"WBF (Wirtschaft, Bildung und Forschung)",Befürwortend,Befürwortend,Befürwortend,Befürwortend
552,2010-11-28,Ausschaffungsinitiative (2010-11-28),Volksinitiative,Sozialpolitik,Soziale Gruppen,Ausländer:innen,EJPD (Justiz und Polizei),Ablehnend,Ablehnend,Ablehnend,Ablehnend
552,2010-11-28,Gegenentwurf zur Ausschaffungsinitiative (2010-11-28),Direkter Gegenentwurf,Sozialpolitik,Soziale Gruppen,Ausländer:innen,EJPD (Justiz und Polizei),Befürwortend,Befürwortend,Befürwortend,Befürwortend
552,2010-11-28,Stichfrage zu Ausschaffungsinitiative und Gegenentwurf (2010-11-28),Stichfrage,Sozialpolitik,Soziale Gruppen,Ausländer:innen,EJPD (Justiz und Polizei),Vorzug für Gegenentwurf,Vorzug für Gegenentwurf,Vorzug für Gegenentwurf,Vorzug für Gegenentwurf
553,2010-11-28,«Steuergerechtigkeits-Initiative» (2010-11-28),Volksinitiative,Öffentliche Finanzen,Steuerwesen,Steuerpolitik,EFD (Finanzdepartement),Ablehnend,Ablehnend,Ablehnend,Ablehnend
554,2011-02-13,Initiative «Für den Schutz vor Waffengewalt» (2011-02-13),Volksinitiative,Staatsordnung,Rechtsordnung,Unbekannt,EJPD (Justiz und Polizei),Ablehnend,Ablehnend,Ablehnend,Ablehnend
555,2012-03-11,Zweitwohnungsinitiative (2012-03-11),Volksinitiative,Umwelt und Lebensraum,Boden,Raumplanung,"UVEK (Umwelt, Verkehr, Energie und Kommunikation)",Ablehnend,Ablehnend,Ablehnend,Ablehnend
556,2012-03-11,Initiative «Für ein steuerlich begünstigtes Bausparen» (2012-03-11),Volksinitiative,Umwelt und Lebensraum,Wohnen,"Wohnungsbau, Wohneigentum",EFD (Finanzdepartement),Ablehnend,Keine,Keine,Keine
557,2012-03-11,Initiative «6 Wochen Ferien für alle» (2012-03-11),Volksinitiative,Wirtschaft,Arbeit und Beschäftigung,Arbeitszeit,EJPD (Justiz und Polizei),Ablehnend,Ablehnend,Ablehnend,Ablehnend
558,2012-03-11,Regelung der Geldspiele zugunsten gemeinnütziger Zwecke (2012-03-11),Direkter Gegenentwurf,Wirtschaft,Wirtschaftspolitik,Strukturpolitik,EJPD (Justiz und Polizei),Befürwortend,Befürwortend,Befürwortend,Befürwortend
559,2012-03-11,Gesetz über die Buchpreisbindung (2012-03-11),Fakultatives Referendum,"Kultur, Religion, Medien",Kulturpolitik,Unbekannt,"WBF (Wirtschaft, Bildung und Forschung)",Befürwortend,Befürwortend,Befürwortend,Befürwortend
560,2012-06-17,Initiative «Eigene vier Wände dank Bausparen» (2012-06-17),Volksinitiative,Umwelt und Lebensraum,Wohnen,"Wohnungsbau, Wohneigentum",EFD (Finanzdepartement),Ablehnend,Keine,Befürwortend,Ablehnend
561,2012-06-17,Initiative «Staatsverträge vors Volk!» (2012-06-17),Volksinitiative,Aussenpolitik,Aussenpolitische Grundhaltung,Unbekannt,EJPD (Justiz und Polizei),Ablehnend,Ablehnend,Ablehnend,Ablehnend
562,2012-06-17,Gesetz über die Krankenversicherung (Managed Care) (2012-06-17),Fakultatives Referendum,Sozialpolitik,Sozialversicherungen,Kranken- und Unfallversicherung,EDI (Departement des Innern),Befürwortend,Befürwortend,Befürwortend,Befürwortend
563,2012-09-23,Bundesbeschluss über die Jugendmusikförderung (2012-09-23),Direkter Gegenentwurf,Bildung und Forschung,Schulen,Unbekannt,EDI (Departement des Innern),Befürwortend,Befürwortend,Befürwortend,Befürwortend
564,2012-09-23,Initiative «Sicheres Wohnen im Alter» (2012-09-23),Volksinitiative,Umwelt und Lebensraum,Wohnen,"Wohnungsbau, Wohneigentum",EFD (Finanzdepartement),Ablehnend,Ablehnend,Ablehnend,Ablehnend
565,2012-09-23,Initiative «Schutz vor Passivrauchen» (2012-09-23),Volksinitiative,Sozialpolitik,Gesundheit,Suchtmittel,EDI (Departement des Innern),Ablehnend,Ablehnend,Ablehnend,Ablehnend
566,2012-11-25,Tierseuchengesetz (2012-11-25),Fakultatives Referendum,Landwirtschaft,Tierische Produktion,Unbekannt,"WBF (Wirtschaft, Bildung und Forschung)",Befürwortend,Befürwortend,Befürwortend,Befürwortend
567,2013-03-03,Bundesbeschluss über die Familienpolitik (2013-03-03),Obligatorisches Referendum,Sozialpolitik,Soziale Gruppen,Familienpolitik,EDI (Departement des Innern),Befürwortend,Befürwortend,Befürwortend,Befürwortend
568,2013-03-03,Initiative «gegen die Abzockerei» (2013-03-03),Volksinitiative,Wirtschaft,Wirtschaftspolitik,Gesellschaftsrecht,EJPD (Justiz und Polizei),Ablehnend,Keine,Keine,Keine
569,2013-03-03,Raumplanungsgesetz (2013-03-03),Fakultatives Referendum,Umwelt und Lebensraum,Boden,Raumplanung,"UVEK (Umwelt, Verkehr, Energie und Kommunikation)",Befürwortend,Befürwortend,Befürwortend,Befürwortend
570,2013-06-09,Initiative «Volkswahl des Bundesrates» (2013-06-09),Volksinitiative,Staatsordnung,Institutionen,"Regierung, Verwaltung",EJPD (Justiz und Polizei),Ablehnend,Ablehnend,Ablehnend,Ablehnend
571,2013-06-09,Asylgesetz (2013-06-09),Fakultatives Referendum,Sozialpolitik,Soziale Gruppen,Flüchtlinge,EJPD (Justiz und Polizei),Befürwortend,Befürwortend,Befürwortend,Befürwortend
572,2013-09-22,Initiative zur Aufhebung der Wehrpflicht (2013-09-22),Volksinitiative,Sicherheitspolitik,Armee,Militärorganisation,"VBS (Verteidigung, Bevölkerungsschutz und Sport)",Ablehnend,Ablehnend,Ablehnend,Ablehnend
573,2013-09-22,Epidemiengesetz (2013-09-22),Fakultatives Referendum,Sozialpolitik,Gesundheit,Gesundheitspolitik,EDI (Departement des Innern),Befürwortend,Befürwortend,Befürwortend,Befürwortend
574,2013-09-22,Arbeitsgesetz (Öffnungszeiten von Tankstellenshops) (2013-09-22),Fakultatives Referendum,Wirtschaft,Arbeit und Beschäftigung,Arbeitsbedingungen,"WBF (Wirtschaft, Bildung und Forschung)",Befürwortend,Befürwortend,Befürwortend,Befürwortend
575,2013-11-24,Initiative «1:12 – Für gerechte Löhne» (2013-11-24),Volksinitiative,Wirtschaft,Arbeit und Beschäftigung,Unbekannt,"WBF (Wirtschaft, Bildung und Forschung)",Ablehnend,Ablehnend,Ablehnend,Ablehnend
576,2013-11-24,«Familieninitiative» (2013-11-24),Volksinitiative,Sozialpolitik,Soziale Gruppen,Familienpolitik,EFD (Finanzdepartement),Ablehnend,Ablehnend,Ablehnend,Ablehnend
577,2013-11-24,Änderung des Nationalstrassenabgabegesetzes (Autobahnvignette) (2013-11-24),Fakultatives Referendum,Verkehr und Infrastruktur,Strassenverkehr,Unbekannt,"UVEK (Umwelt, Verkehr, Energie und Kommunikation)",Befürwortend,Befürwortend,Befürwortend,Befürwortend
578,2014-02-09,Finanzierung und Ausbau der Eisenbahninfrastruktur (FABI) (2014-02-09),Direkter Gegenentwurf,Verkehr und Infrastruktur,Schienenverkehr,Unbekannt,"UVEK (Umwelt, Verkehr, Energie und Kommunikation)",Befürwortend,Befürwortend,Befürwortend,Befürwortend
579,2014-02-09,Initiative «Abtreibungsfinanzierung ist Privatsache» (2014-02-09),Volksinitiative,Sozialpolitik,Sozialversicherungen,Kranken- und Unfallversicherung,EDI (Departement des Innern),Ablehnend,Ablehnend,Ablehnend,Ablehnend
580,2014-02-09,Initiative «Gegen Masseneinwanderung» (2014-02-09),Volksinitiative,Aussenpolitik,Europapolitik,Unbekannt,EJPD (Justiz und Polizei),Ablehnend,Ablehnend,Ablehnend,Ablehnend
581,2014-05-18,Bundesbeschluss über die medizinische Grundversorgung (2014-05-18),Direkter Gegenentwurf,Sozialpolitik,Gesundheit,Gesundheitspolitik,EDI (Departement des Innern),Befürwortend,Befürwortend,Befürwortend,Befürwortend
582,2014-05-18,Initiative «Pädophile sollen nicht mehr mit Kindern arbeiten dürfen» (2014-05-18),Volksinitiative,Staatsordnung,Rechtsordnung,Strafrecht,EJPD (Justiz und Polizei),Ablehnend,Keine,Befürwortend,Ablehnend
583,2014-05-18,«Mindestlohn-Initiative» (2014-05-18),Volksinitiative,Wirtschaft,Arbeit und Beschäftigung,Arbeitsbedingungen,"WBF (Wirtschaft, Bildung und Forschung)",Ablehnend,Ablehnend,Ablehnend,Ablehnend
584,2014-05-18,Fonds zur Beschaffung des Kampfflugzeugs Gripen (2014-05-18),Fakultatives Referendum,Sicherheitspolitik,Armee,Rüstung,"VBS (Verteidigung, Bevölkerungsschutz und Sport)",Befürwortend,Befürwortend,Befürwortend,Befürwortend
585,2014-09-28,Initiative «Schluss mit der MwSt-Diskriminierung des Gastgewerbes!» (2014-09-28),Volksinitiative,Öffentliche Finanzen,Steuerwesen,Indirekte Steuern,EFD (Finanzdepartement),Ablehnend,Ablehnend,Ablehnend,Ablehnend
586,2014-09-28,Initiative «Für eine öffentliche Krankenkasse» (2014-09-28),Volksinitiative,Sozialpolitik,Sozialversicherungen,Kranken- und Unfallversicherung,EDI (Departement des Innern),Ablehnend,Ablehnend,Ablehnend,Ablehnend
587,2014-11-30,Initiative zur Abschaffung der Pauschalbesteuerung (2014-11-30),Volksinitiative,Öffentliche Finanzen,Steuerwesen,Steuersystem,EFD (Finanzdepartement),Ablehnend,Ablehnend,Ablehnend,Ablehnend
588,2014-11-30,Initiative «Stopp der Überbevölkerung – zur Sicherung der natürlichen Lebensgrundlagen» (2014-11-30),Volksinitiative,Sozialpolitik,Soziale Gruppen,Ausländer:innen,EJPD (Justiz und Polizei),Ablehnend,Ablehnend,Ablehnend,Ablehnend
589,2014-11-30,Gold-Initiative (2014-11-30),Volksinitiative,Wirtschaft,Finanzwesen,Geld- und Währungspolitik,EFD (Finanzdepartement),Ablehnend,Ablehnend,Ablehnend,Ablehnend
590,2015-03-08,Initiative für steuerfreie Kinderzulagen (2015-03-08),Volksinitiative,Sozialpolitik,Soziale Gruppen,Familienpolitik,EFD (Finanzdepartement),Ablehnend,Ablehnend,Ablehnend,Ablehnend
591,2015-03-08,Initiative «Energie- statt Mehrwertsteuer» (2015-03-08),Volksinitiative,Öffentliche Finanzen,Steuerwesen,Indirekte Steuern,EFD (Finanzdepartement),Ablehnend,Ablehnend,Ablehnend,Ablehnend
592,2015-06-14,Verfassungsbestimmung zur Fortpflanzungsmedizin und Gentechnologie im Humanbereich (2015-06-14),Obligatorisches Referendum,Sozialpolitik,Gesundheit,Fortpflanzungsmedizin,EDI (Departement des Innern),Befürwortend,Befürwortend,Befürwortend,Befürwortend
593,2015-06-14,Stipendieninitiative (2015-06-14),Volksinitiative,Bildung und Forschung,Hochschulen,Unbekannt,"WBF (Wirtschaft, Bildung und Forschung)",Ablehnend,Ablehnend,Ablehnend,Ablehnend
594,2015-06-14,Initiative «Millionen-Erbschaften besteuern für unsere AHV» (2015-06-14),Volksinitiative,Öffentliche Finanzen,Steuerwesen,Direkte Steuern,EFD (Finanzdepartement),Ablehnend,Ablehnend,Ablehnend,Ablehnend
595,2015-06-14,Radio- und Fernsehgesetz (Radio- und Fernsehabgabe) (2015-06-14),Fakultatives Referendum,"Kultur, Religion, Medien",Medien und Kommunikation,"Radio, Fernsehen, Elektronische Medien","UVEK (Umwelt, Verkehr, Energie und Kommunikation)",Befürwortend,Befürwortend,Befürwortend,Befürwortend
596,2016-02-28,Initiative «gegen die Heiratsstrafe» (2016-02-28),Volksinitiative,Sozialpolitik,Soziale Gruppen,Familienpolitik,EFD (Finanzdepartement),Ablehnend,Ablehnend,Ablehnend,Ablehnend
597,2016-02-28,«Durchsetzungsinitiative» (2016-02-28),Volksinitiative,Sozialpolitik,Soziale Gruppen,Ausländer:innen,EJPD (Justiz und Polizei),Ablehnend,Ablehnend,Ablehnend,Ablehnend
598,2016-02-28,Initiative «Keine Spekulation mit Nahrungsmitteln!» (2016-02-28),Volksinitiative,Wirtschaft,Finanzwesen,"Banken, Börsen, Versicherungen","WBF (Wirtschaft, Bildung und Forschung)",Ablehnend,Ablehnend,Ablehnend,Ablehnend
599,2016-02-28,Sanierung Gotthard-Strassentunnel (2016-02-28),Fakultatives Referendum,Verkehr und Infrastruktur,Strassenverkehr,Strassenbau,"UVEK (Umwelt, Verkehr, Energie und Kommunikation)",Befürwortend,Befürwortend,Befürwortend,Befürwortend
600,2016-06-05,Initiative «Pro Service public» (2016-06-05),Volksinitiative,Verkehr und Infrastruktur,Post,Unbekannt,"UVEK (Umwelt, Verkehr, Energie und Kommunikation)",Ablehnend,Ablehnend,Ablehnend,Ablehnend
601,2016-06-05,Initiative «Für ein bedingungsloses Grundeinkommen» (2016-06-05),Volksinitiative,Sozialpolitik,Sozialversicherungen,Unbekannt,EDI (Departement des Innern),Ablehnend,Ablehnend,Ablehnend,Ablehnend
602,2016-06-05,Initiative «Für eine faire Verkehrsfinanzierung» (2016-06-05),Volksinitiative,Verkehr und Infrastruktur,Verkehrspolitik,Unbekannt,EFD (Finanzdepartement),Ablehnend,Ablehnend,Ablehnend,Ablehnend
603,2016-06-05,Fortpflanzungsmedizingesetz (2016-06-05),Fakultatives Referendum,Sozialpolitik,Gesundheit,Fortpflanzungsmedizin,EDI (Departement des Innern),Befürwortend,Befürwortend,Befürwortend,Befürwortend
604,2016-06-05,Asylgesetz (2016-06-05),Fakultatives Referendum,Sozialpolitik,Soziale Gruppen,Flüchtlinge,EJPD (Justiz und Polizei),Befürwortend,Befürwortend,Befürwortend,Befürwortend
605,2016-09-25,Initiative «Grüne Wirtschaft» (2016-09-25),Volksinitiative,Umwelt und Lebensraum,Umwelt,Umweltpolitik,"UVEK (Umwelt, Verkehr, Energie und Kommunikation)",Ablehnend,Ablehnend,Ablehnend,Ablehnend
606,2016-09-25,Initiative «AHVplus: für eine starke AHV» (2016-09-25),Volksinitiative,Sozialpolitik,Sozialversicherungen,Alters- und Hinterbliebenenversicherung,EDI (Departement des Innern),Ablehnend,Ablehnend,Ablehnend,Ablehnend
607,2016-09-25,Nachrichtendienstgesetz (2016-09-25),Fakultatives Referendum,Sicherheitspolitik,Öffentliche Sicherheit,Staatsschutz,"VBS (Verteidigung, Bevölkerungsschutz und Sport)",Befürwortend,Befürwortend,Befürwortend,Befürwortend
608,2016-11-27,Atomausstiegsinitiative (2016-11-27),Volksinitiative,Energie,Kernenergie,Unbekannt,"UVEK (Umwelt, Verkehr, Energie und Kommunikation)",Ablehnend,Ablehnend,Ablehnend,Ablehnend
609,2017-02-12,Erleichterte Einbürgerung der dritten Ausländergeneration (2017-02-12),Obligatorisches Referendum,Staatsordnung,Rechtsordnung,Bürgerrecht,EJPD (Justiz und Polizei),Befürwortend,Befürwortend,Befürwortend,Befürwortend
610,2017-02-12,Fonds für die Nationalstrassen und den Agglomerationsverkehr (NAF) (2017-02-12),Obligatorisches Referendum,Verkehr und Infrastruktur,Verkehrspolitik,Unbekannt,"UVEK (Umwelt, Verkehr, Energie und Kommunikation)",Befürwortend,Befürwortend,Befürwortend,Befürwortend
611,2017-02-12,Unternehmenssteuerreform III (2017-02-12),Fakultatives Referendum,Öffentliche Finanzen,Steuerwesen,Direkte Steuern,EFD (Finanzdepartement),Befürwortend,Befürwortend,Befürwortend,Befürwortend
612,2017-05-21,Energiegesetz (2017-05-21),Fakultatives Referendum,Energie,Energiepolitik,Unbekannt,"UVEK (Umwelt, Verkehr, Energie und Kommunikation)",Befürwortend,Befürwortend,Befürwortend,Befürwortend
613,2017-09-24,Bundesbeschluss über die Ernährungssicherheit (2017-09-24),Direkter Gegenentwurf,Landwirtschaft,Agrarpolitik,Unbekannt,"WBF (Wirtschaft, Bildung und Forschung)",Befürwortend,Befürwortend,Befürwortend,Befürwortend
614,2017-09-24,Zusatzfinanzierung der AHV durch eine Erhöhung der Mehrwertsteuer (2017-09-24),Obligatorisches Referendum,Sozialpolitik,Sozialversicherungen,Alters- und Hinterbliebenenversicherung,EDI (Departement des Innern),Befürwortend,Befürwortend,Befürwortend,Befürwortend
615,2017-09-24,Reform der Altersvorsorge 2020 (2017-09-24),Fakultatives Referendum,Sozialpolitik,Sozialversicherungen,Alters- und Hinterbliebenenversicherung,EDI (Departement des Innern),Befürwortend,Befürwortend,Befürwortend,Befürwortend
616,2018-03-04,Neue Finanzordnung 2021 (2018-03-04),Obligatorisches Referendum,Öffentliche Finanzen,Finanzordnung,Unbekannt,EFD (Finanzdepartement),Befürwortend,Befürwortend,Befürwortend,Befürwortend
617,2018-03-04,Initiative «Abschaffung der Billag-Gebühren» (2018-03-04),Volksinitiative,"Kultur, Religion, Medien",Medien und Kommunikation,"Radio, Fernsehen, Elektronische Medien","UVEK (Umwelt, Verkehr, Energie und Kommunikation)",Ablehnend,Ablehnend,Ablehnend,Ablehnend
618,2018-06-10,Vollgeld-Initiative (2018-06-10),Volksinitiative,Staatsordnung,Institutionen,Nationalbank,EFD (Finanzdepartement),Ablehnend,Ablehnend,Ablehnend,Ablehnend
619,2018-06-10,Geldspielgesetz (2018-06-10),Fakultatives Referendum,Wirtschaft,Wirtschaftspolitik,Strukturpolitik,EJPD (Justiz und Polizei),Befürwortend,Befürwortend,Befürwortend,Befürwortend
620,2018-09-23,Bundesbeschluss über die Velowege sowie die Fuss- und Wanderwege (2018-09-23),Direkter Gegenentwurf,Verkehr und Infrastruktur,Verkehrspolitik,Unbekannt,"UVEK (Umwelt, Verkehr, Energie und Kommunikation)",Befürwortend,Befürwortend,Befürwortend,Befürwortend
621,2018-09-23,Fair-Food-Initiative (2018-09-23),Volksinitiative,Landwirtschaft,Agrarpolitik,Unbekannt,"WBF (Wirtschaft, Bildung und Forschung)",Ablehnend,Ablehnend,Ablehnend,Ablehnend
622,2018-09-23,Initiative «Für Ernährungssouveränität» (2018-09-23),Volksinitiative,Landwirtschaft,Agrarpolitik,Unbekannt,"WBF (Wirtschaft, Bildung und Forschung)",Ablehnend,Ablehnend,Ablehnend,Ablehnend
623,2018-11-25,Hornkuh-Initiative (2018-11-25),Volksinitiative,Landwirtschaft,Agrarpolitik,Unbekannt,"WBF (Wirtschaft, Bildung und Forschung)",Ablehnend,Ablehnend,Ablehnend,Ablehnend
624,2018-11-25,Selbstbestimmungsinitiative (2018-11-25),Volksinitiative,Staatsordnung,Rechtsordnung,Internationales Recht,EJPD (Justiz und Polizei),Ablehnend,Ablehnend,Ablehnend,Ablehnend
625,2018-11-25,Gesetzliche Grundlage für die Überwachung von Versicherten (2018-11-25),Fakultatives Referendum,Sozialpolitik,Sozialversicherungen,Unbekannt,EDI (Departement des Innern),Befürwortend,Befürwortend,Befürwortend,Befürwortend
626,2019-02-10,Zersiedelungsinitiative (2019-02-10),Volksinitiative,Umwelt und Lebensraum,Boden,Raumplanung,"UVEK (Umwelt, Verkehr, Energie und Kommunikation)",Ablehnend,Ablehnend,Ablehnend,Ablehnend
627,2019-05-19,Steuerreform und AHV-Finanzierung (STAF) (2019-05-19),Fakultatives Referendum,Öffentliche Finanzen,Steuerwesen,Direkte Steuern,EFD (Finanzdepartement),Befürwortend,Befürwortend,Befürwortend,Befürwortend
628,2019-05-19,Umsetzung der EU-Waffenrichtlinie (2019-05-19),Fakultatives Referendum,Sicherheitspolitik,Öffentliche Sicherheit,Bevölkerungsschutz,EJPD (Justiz und Polizei),Befürwortend,Befürwortend,Befürwortend,Befürwortend
629,2020-02-09,Initiative «Mehr bezahlbare Wohnungen» (2020-02-09),Volksinitiative,Umwelt und Lebensraum,Wohnen,Mietwesen,"WBF (Wirtschaft, Bildung und Forschung)",Ablehnend,Ablehnend,Ablehnend,Ablehnend
630,2020-02-09,Verbot der Diskriminierung aufgrund der sexuellen Orientierung (2020-02-09),Fakultatives Referendum,Sozialpolitik,Soziale Gruppen,Homosexuelle,EJPD (Justiz und Polizei),Befürwortend,Befürwortend,Befürwortend,Befürwortend
631,2020-09-27,Begrenzungsinitiative (2020-09-27),Volksinitiative,Aussenpolitik,Europapolitik,EU,EJPD (Justiz und Polizei),Ablehnend,Ablehnend,Ablehnend,Ablehnend
632,2020-09-27,Jagdgesetz (2020-09-27),Fakultatives Referendum,Landwirtschaft,"Fischerei, Jagd, Haustiere",Unbekannt,"UVEK (Umwelt, Verkehr, Energie und Kommunikation)",Befürwortend,Befürwortend,Befürwortend,Befürwortend
633,2020-09-27,Erhöhung der steuerlichen Kinderabzüge (2020-09-27),Fakultatives Referendum,Öffentliche Finanzen,Steuerwesen,Direkte Steuern,EFD (Finanzdepartement),Befürwortend,Befürwortend,Befürwortend,Befürwortend
634,2020-09-27,Vaterschaftsurlaub (2020-09-27),Fakultatives Referendum,Sozialpolitik,Soziale Gruppen,Familienpolitik,EDI (Departement des Innern),Befürwortend,Befürwortend,Befürwortend,Befürwortend
635,2020-09-27,Beschaffung neuer Kampfflugzeuge (2020-09-27),Fakultatives Referendum,Sicherheitspolitik,Armee,Rüstung,"VBS (Verteidigung, Bevölkerungsschutz und Sport)",Befürwortend,Befürwortend,Befürwortend,Befürwortend
636,2020-11-29,Konzernverantwortungsinitiative (2020-11-29),Volksinitiative,Wirtschaft,Wirtschaftspolitik,Gesellschaftsrecht,EJPD (Justiz und Polizei),Ablehnend,Ablehnend,Ablehnend,Ablehnend
637,2020-11-29,«Kriegsgeschäfte-Initiative» (2020-11-29),Volksinitiative,Sicherheitspolitik,Armee,Rüstung,"WBF (Wirtschaft, Bildung und Forschung)",Ablehnend,Ablehnend,Ablehnend,Ablehnend
638,2021-03-07,Initiative für ein Verhüllungsverbot (2021-03-07),Volksinitiative,Staatsordnung,Rechtsordnung,Grundrechte,EJPD (Justiz und Polizei),Ablehnend,Ablehnend,Ablehnend,Ablehnend
639,2021-03-07,Gesetz über elektronische Identifizierungsdienste (2021-03-07),Fakultatives Referendum,Staatsordnung,Rechtsordnung,Datenschutz,EJPD (Justiz und Polizei),Befürwortend,Befürwortend,Befürwortend,Befürwortend
640,2021-03-07,Freihandelsabkommen mit Indonesien (2021-03-07),Fakultatives Referendum,Aussenpolitik,Aussenwirtschaftspolitik,Unbekannt,"WBF (Wirtschaft, Bildung und Forschung)",Befürwortend,Befürwortend,Befürwortend,Befürwortend
641,2021-06-13,Trinkwasserinitiative (2021-06-13),Volksinitiative,Umwelt und Lebensraum,Umwelt,Gewässerschutz,"WBF (Wirtschaft, Bildung und Forschung)",Ablehnend,Ablehnend,Ablehnend,Ablehnend
642,2021-06-13,Pestizidinitiative (2021-06-13),Volksinitiative,Umwelt und Lebensraum,Umwelt,Gewässerschutz,"WBF (Wirtschaft, Bildung und Forschung)",Ablehnend,Ablehnend,Ablehnend,Ablehnend
643,2021-06-13,Covid-19-Gesetz (2021-06-13),Fakultatives Referendum,Sozialpolitik,Gesundheit,Unbekannt,BK (Bundeskanzlei),Befürwortend,Befürwortend,Befürwortend,Befürwortend
644,2021-06-13,CO2-Gesetz (2021-06-13),Fakultatives Referendum,Umwelt und Lebensraum,Umwelt,Umweltpolitik,"UVEK (Umwelt, Verkehr, Energie und Kommunikation)",Befürwortend,Befürwortend,Befürwortend,Befürwortend
645,2021-06-13,Gesetz über polizeiliche Massnahmen gegen Terrorismus (2021-06-13),Fakultatives Referendum,Sicherheitspolitik,Öffentliche Sicherheit,Staatsschutz,EJPD (Justiz und Polizei),Befürwortend,Befürwortend,Befürwortend,Befürwortend
646,2021-09-26,«99%-Initiative» (2021-09-26),Volksinitiative,Öffentliche Finanzen,Steuerwesen,Direkte Steuern,EFD (Finanzdepartement),Ablehnend,Ablehnend,Ablehnend,Ablehnend
647,2021-09-26,Ehe für alle (2021-09-26),Fakultatives Referendum,Sozialpolitik,Soziale Gruppen,Homosexuelle,EJPD (Justiz und Polizei),Befürwortend,Befürwortend,Befürwortend,Befürwortend
648,2021-11-28,Pflegeinitiative (2021-11-28),Volksinitiative,Sozialpolitik,Gesundheit,Gesundheitspolitik,EDI (Departement des Innern),Ablehnend,Ablehnend,Ablehnend,Ablehnend
649,2021-11-28,Justizinitiative (2021-11-28),Volksinitiative,Staatsordnung,Institutionen,Gerichte,EJPD (Justiz und Polizei),Ablehnend,Ablehnend,Ablehnend,Ablehnend
650,2021-11-28,Änderung des Covid-19-Gesetzes (2. Revision) (2021-11-28),Fakultatives Referendum,Sozialpolitik,Gesundheit,Unbekannt,EFD (Finanzdepartement),Befürwortend,Befürwortend,Befürwortend,Befürwortend
651,2022-02-13,Initiative für ein Verbot von Tier- und Menschenversuchen (2022-02-13),Volksinitiative,Bildung und Forschung,Forschung,Tierversuche,EDI (Departement des Innern),Ablehnend,Ablehnend,Ablehnend,Ablehnend
652,2022-02-13,Initiative «Kinder und Jugendliche ohne Tabakwerbung» (2022-02-13),Volksinitiative,Sozialpolitik,Gesundheit,Suchtmittel,EDI (Departement des Innern),Ablehnend,Ablehnend,Ablehnend,Ablehnend
653,2022-02-13,Gesetz über die Stempelabgaben (2022-02-13),Fakultatives Referendum,Öffentliche Finanzen,Steuerwesen,Indirekte Steuern,EFD (Finanzdepartement),Befürwortend,Befürwortend,Befürwortend,Befürwortend
654,2022-02-13,Medienpaket (2022-02-13),Fakultatives Referendum,"Kultur, Religion, Medien",Medien und Kommunikation,Unbekannt,"UVEK (Umwelt, Verkehr, Energie und Kommunikation)",Befürwortend,Befürwortend,Befürwortend,Befürwortend
655,2022-05-15,Änderung des Filmgesetzes (2022-05-15),Fakultatives Referendum,"Kultur, Religion, Medien",Kulturpolitik,Unbekannt,EDI (Departement des Innern),Befürwortend,Befürwortend,Befürwortend,Befürwortend
656,2022-05-15,Widerspruchsregelung bei der Organspende (2022-05-15),Fakultatives Referendum,Sozialpolitik,Gesundheit,Gesundheitspolitik,EDI (Departement des Innern),Befürwortend,Befürwortend,Befürwortend,Befürwortend
657,2022-05-15,Beteiligung an der europäischen Grenz- und Küstenwache Frontex (2022-05-15),Fakultatives Referendum,Aussenpolitik,Europapolitik,EU,EFD (Finanzdepartement),Befürwortend,Befürwortend,Befürwortend,Befürwortend
658,2022-09-25,Massentierhaltungsinitiative (2022-09-25),Volksinitiative,Landwirtschaft,Tierische Produktion,Unbekannt,EDI (Departement des Innern),Ablehnend,Ablehnend,Ablehnend,Ablehnend
659,2022-09-25,Erhöhung der Mehrwertsteuer zugunsten der AHV (2022-09-25),Obligatorisches Referendum,Sozialpolitik,Sozialversicherungen,Alters- und Hinterbliebenenversicherung,EDI (Departement des Innern),Befürwortend,Befürwortend,Befürwortend,Befürwortend
660,2022-09-25,AHV-Gesetz (AHV 21) (2022-09-25),Fakultatives Referendum,Sozialpolitik,Sozialversicherungen,Alters- und Hinterbliebenenversicherung,EDI (Departement des Innern),Befürwortend,Befürwortend,Befürwortend,Befürwortend
661,2022-09-25,Verrechnungssteuergesetz (2022-09-25),Fakultatives Referendum,Öffentliche Finanzen,Steuerwesen,Direkte Steuern,EFD (Finanzdepartement),Befürwortend,Befürwortend,Befürwortend,Befürwortend
662,2023-06-18,OECD-Mindeststeuer für Unternehmen (2023-06-18),Obligatorisches Referendum,Öffentliche Finanzen,Steuerwesen,Direkte Steuern,EFD (Finanzdepartement),Befürwortend,Befürwortend,Befürwortend,Befürwortend
663,2023-06-18,Klimagesetz (2023-06-18),Fakultatives Referendum,Umwelt und Lebensraum,Umwelt,Umweltpolitik,"UVEK (Umwelt, Verkehr, Energie und Kommunikation)",Befürwortend,Befürwortend,Befürwortend,Befürwortend
664,2023-06-18,Änderung des Covid-19-Gesetzes (5. Revision) (2023-06-18),Fakultatives Referendum,Sozialpolitik,Gesundheit,Unbekannt,EDI (Departement des Innern),Befürwortend,Befürwortend,Befürwortend,Befürwortend
665,2024-03-03,Initiative für eine 13. AHV-Rente (2024-03-03),Volksinitiative,Sozialpolitik,Sozialversicherungen,Alters- und Hinterbliebenenversicherung,EDI (Departement des Innern),Ablehnend,Ablehnend,Ablehnend,Ablehnend
666,2024-03-03,Renteninitiative (2024-03-03),Volksinitiative,Sozialpolitik,Sozialversicherungen,Alters- und Hinterbliebenenversicherung,EDI (Departement des Innern),Ablehnend,Ablehnend,Ablehnend,Ablehnend
667,2024-06-09,Prämien-Entlastungs-Initiative (2024-06-09),Volksinitiative,Sozialpolitik,Sozialversicherungen,Kranken- und Unfallversicherung,EDI (Departement des Innern),Ablehnend,Ablehnend,Ablehnend,Ablehnend
668,2024-06-09,Initiative für eine Kostenbremse im Gesundheitswesen (2024-06-09),Volksinitiative,Sozialpolitik,Sozialversicherungen,Kranken- und Unfallversicherung,EDI (Departement des Innern),Ablehnend,Ablehnend,Ablehnend,Ablehnend
669,2024-06-09,Initiative «Für Freiheit und körperliche Unversehrtheit» (2024-06-09),Volksinitiative,Staatsordnung,Rechtsordnung,Grundrechte,EDI (Departement des Innern),Ablehnend,Ablehnend,Ablehnend,Ablehnend
670,2024-06-09,Stromgesetz (Mantelerlass Energie) (2024-06-09),Fakultatives Referendum,Energie,Alternativenergien,Unbekannt,"UVEK (Umwelt, Verkehr, Energie und Kommunikation)",Befürwortend,Befürwortend,Befürwortend,Befürwortend
671,2024-09-22,Biodiversitäts-Initiative (2024-09-22),Volksinitiative,Umwelt und Lebensraum,Umwelt,Natur- und Heimatschutz,"UVEK (Umwelt, Verkehr, Energie und Kommunikation)",Ablehnend,Ablehnend,Ablehnend,Ablehnend
672,2024-09-22,Reform der beruflichen Vorsorge (2024-09-22),Fakultatives Referendum,Sozialpolitik,Sozialversicherungen,Berufliche Vorsorge,EDI (Departement des Innern),Befürwortend,Befürwortend,Befürwortend,Befürwortend
673,2024-11-24,Ausbau des Autobahnnetzes (2024-11-24),Fakultatives Referendum,Verkehr und Infrastruktur,Strassenverkehr,Strassenbau,"UVEK (Umwelt, Verkehr, Energie und Kommunikation)",Befürwortend,Befürwortend,Befürwortend,Befürwortend
674,2024-11-24,Bedingungen für Untermiete (2024-11-24),Fakultatives Referendum,Umwelt und Lebensraum,Wohnen,Mietwesen,"WBF (Wirtschaft, Bildung und Forschung)",Befürwortend,Befürwortend,Befürwortend,Befürwortend
675,2024-11-24,Kündigung wegen Eigenbedarfs (Mietrecht) (2024-11-24),Fakultatives Referendum,Umwelt und Lebensraum,Wohnen,Mietwesen,"WBF (Wirtschaft, Bildung und Forschung)",Befürwortend,Befürwortend,Befürwortend,Befürwortend
676,2024-11-24,Einheitliche Finanzierung ambulanter und stationärer Leistungen (EFAS) (2024-11-24),Fakultatives Referendum,Sozialpolitik,Gesundheit,Gesundheitspolitik,EDI (Departement des Innern),Befürwortend,Befürwortend,Befürwortend,Befürwortend
